<?xml version="1.0" encoding="UTF-8"?><CapabilityStatement xmlns="http://hl7.org/fhir"><id value="client"/><text><status value="additional"/><div xmlns="http://www.w3.org/1999/xhtml">
			<h3 id="conformance-requirements-for-the-us-core-server">Conformance requirements for the US Core Server</h3>
			
			<p>
				<strong>Contents</strong>
			</p>
			<ul id="markdown-toc">
				<li>
					<a href="#conformance-requirements-for-the-us-core-server">Conformance requirements for the US Core Server</a>
					<ul>
						<li>
							<a href="#behavior">Behavior</a>
						</li>
						<li>
							<a href="#resource-details">Resource Details</a>
							<ul>
								<li>
									<a href="#patient">1. Patient</a>
								</li>
								<li>
									<a href="#allergyintolerance">2. AllergyIntolerance</a>
								</li>
								<li>
									<a href="#careplan">3. CarePlan</a>
								</li>
								<li>
									<a href="#careteam">4. CareTeam</a>
								</li>
								<li>
									<a href="#condition">5. Condition</a>
								</li>
								<li>
									<a href="#device">6. Device</a>
								</li>
								<li>
									<a href="#diagnosticreport">7. DiagnosticReport</a>
								</li>
								<li>
									<a href="#goal">8. Goal</a>
								</li>
								<li>
									<a href="#immunization">9. Immunization</a>
								</li>
								<li>
									<a href="#location">10. Location</a>
								</li>
								<li>
									<a href="#medication">11. Medication</a>
								</li>
								<li>
									<a href="#medicationstatement">12. MedicationStatement</a>
								</li>
								<li>
									<a href="#medicationrequest">13. MedicationRequest</a>
								</li>
								<li>
									<a href="#observation">14. Observation</a>
								</li>
								<li>
									<a href="#organization">15. Organization</a>
								</li>
								<li>
									<a href="#practitioner">16. Practitioner</a>
								</li>
								<li>
									<a href="#procedure">17. Procedure</a>
								</li>
							</ul>
						</li>
					</ul>
				</li>
			</ul>
			
			<ul>
				<li>FHIR Version: 3.0.0</li>
				<li>Supported formats: xml, json</li>
				<li>Published: 2017-03-08</li>
				<li>Published by: Health Level Seven International US Realm Steering Committee</li>
			</ul>
			<p>The Section describes the expected capabilities of the  US-Core Client which is responsible for creating and initiating the queries for information about an individual patient. The complete list of FHIR profiles, RESTful operations, and search parameters supported by US Core Servers are defined in the <a href="{{ site.data.fhir.canonical }}/CapabilityStatement-server.html">Conformance requirements for the US-Core Server section</a>. US Core Clients have the option of choosing from this list to access necessary data based on their local use cases and other contextual requirements.</p>
			<h4 id="behavior">Behavior</h4>
			<p>Description:</p>
			<p>The US Core Client <strong>SHOULD</strong>:</p>
			<ul>
				<li>Support fetching and querying of one or more US Core profile(s), using the supported RESTful interactions and search parameters declared in the US Core Server CapabilityStatement.</li>
			</ul>
			<p>security:</p>
			<p>The US Core Client <strong>SHALL</strong>:</p>
			<ul>
				<li>implement the <a href="http://hl7.org/fhir/us/core/1.0.1/security.html">security requirements</a> documented in the US-Core IG.</li>
			</ul>
			<h4 id="resource-details">Resource Details</h4>
			<h5 id="patient">1. Patient</h5>
			<p>Supported Profiles:  <a href="http://hl7.org/fhir/us/core/1.0.1/{{ site.data.structuredefinitions.us-core-patient.path }}">US Core Patient Profile</a>
			</p>
			<p>Search Criteria:</p>
			<ul>
				<li>
					<p>A client <strong>SHOULD</strong> be capable of connecting to a server and fetching a patient using:</p>
					<p>
						<code>GET [base]/Patient/[id]</code>.</p>
				</li>
				<li>
					<p>A client <strong>SHOULD</strong> be capable of connecting to a server and fetching a patient by identifier using</p>
					<p>
						<code>GET [base]/Patient?identifier=[system]|[code]</code>
					</p>
				</li>
				<li>
					<p>A client <strong>SHOULD</strong> be capable of connecting to a server and fetching a patient by supporting at a minimum the following search parameters when at least 2 are present. To limit overly broad search results, a client search with gender should include family and given name search parameters.:</p>
					<ul>
						<li>name</li>
						<li>gender</li>
						<li>
							<p>birthdate</p>
							<ul>
								<li>for example:</li>
							</ul>
							<p>
								<code>GET [base]/Patient?family=[name]&amp;?given=[name]&amp;gender=[gender]</code>
							</p>
						</li>
					</ul>
				</li>
			</ul>
			<h5 id="allergyintolerance">2. AllergyIntolerance</h5>
			<p>Supported Profiles:  <a href="http://hl7.org/fhir/us/core/1.0.1/{{ site.data.structuredefinitions.us-core-allergyintolerance.path }}">US Core AllergyIntolerance Profile</a>
			</p>
			<p>Search Criteria:</p>
			<ul>
				<li>
					<p>A client <strong>SHOULD</strong> be capable of connecting to a server and fetching all patient&#39;s allergies using:</p>
					<p>
						<code>Get [base]/AllergyIntolerance?patient=[id]</code>
					</p>
				</li>
			</ul>
			<h5 id="careplan">3. CarePlan</h5>
			<p>Supported Profiles:  <a href="http://hl7.org/fhir/us/core/1.0.1/{{ site.data.structuredefinitions.us-core-careplan.path }}">US Core CarePlan Profile</a>
			</p>
			<p>Search Criteria:</p>
			<ul>
				<li>
					<p>A client <strong>SHOULD</strong> be capable of connecting to a server and fetching all of a patient&#39;s Assessment and Plan of Treatment information using:</p>
					<p>
						<code>Get [base]/CarePlan?patient=[id]&amp;category=assess-plan</code>
					</p>
				</li>
				<li>
					<p>A client <strong>SHOULD</strong> be capable of connecting to a server and fetching a patient&#39;s Assessment and Plan of Treatment information over a specified time period using:</p>
					<p>
						<code>Get [base]/CarePlan?patient=[id]&amp;category=assess-plan&amp;date=[date]</code>
					</p>
				</li>
				<li>
					<p>A client <strong>SHOULD</strong> be capable of connecting to a server and fetching all of a patient&#39;s active Assessment and Plan of Treatment information using</p>
					<p>
						<code>Get [base]/CarePlan?patient=[id]&amp;category=assess-plan&amp;status=active</code>
					</p>
				</li>
				<li>
					<p>A client <strong>SHOULD</strong> be capable of connecting to a server and fetching a patient&#39;s active Assessment and Plan of Treatment information over a specified time period using</p>
					<p>
						<code>Get [base]/CarePlan?patient=[id]&amp;category=assess-plan&amp;status=active&amp;date=[date]</code>
					</p>
				</li>
			</ul>
			<h5 id="careteam">4. CareTeam</h5>
			<p>Supported Profiles:  <a href="http://hl7.org/fhir/us/core/1.0.1/{{ site.data.structuredefinitions.us-core-careteam.path }}">US Core CareTeam Profile</a>
			</p>
			<p>Search Criteria:</p>
			<ul>
				<li>
					<p>A client <strong>SHOULD</strong> be capable of connecting to a server and fetching  a patient&#39;s current care team members using:</p>
					<p>
						<code>Get [base]/CareTeam?patient=[id]&amp;status=active</code>
					</p>
				</li>
			</ul>
			<h5 id="condition">5. Condition</h5>
			<p>Supported Profiles:  <a href="http://hl7.org/fhir/us/core/1.0.1/{{ site.data.structuredefinitions.us-core-Condition.path }}">US Core Condition Profile</a>
			</p>
			<p>Search Criteria:</p>
			<ul>
				<li>
					<p>A client <strong>SHOULD</strong> be capable of fetching all problems and health concerns for a patient, including current as well as historical problems and health concerns using:</p>
					<p>
						<code>Get [base]/Condition?patient=[id]</code>
					</p>
				</li>
				<li>
					<p>A client <strong>SHOULD</strong> be capable of connecting to a server and fetching all of a patient&#39;s <em>active</em> problems and health concerns using:</p>
					<p>
						<code>Get [base]/Condition?patient=[id]&amp;clinicalstatus=active,recurrance,remission</code>
					</p>
				</li>
				<li>
					<p>A client <strong>SHOULD</strong> be capable of connecting to a server and fetching all of a patient&#39;s problems <em>or</em> all of patient&#39;s health concerns using:</p>
					<p>
						<code>Get [base]/Condition?patient=[id]&amp;category=[problem|health-concern]</code>
					</p>
				</li>
			</ul>
			<h5 id="device">6. Device</h5>
			<p>Supported Profiles:  <a href="http://hl7.org/fhir/us/core/1.0.1/{{ site.data.structuredefinitions.us-core-device.path }}">US Core Device Profile</a>
			</p>
			<p>Search Criteria:</p>
			<ul>
				<li>
					<p>A client <strong>SHOULD</strong> be capable of connecting to a server and fetching all Unique device identifier(s)(UDI) for a patient&#39;s implanted device(s):</p>
					<p>
						<code>Get [base]/Device?patient=[id]</code>
					</p>
				</li>
			</ul>
			<h5 id="diagnosticreport">7. DiagnosticReport</h5>
			<p>Supported Profiles:  <a href="http://hl7.org/fhir/us/core/1.0.1/{{ site.data.structuredefinitions.us-core-diagnosticreport.path }}">US Core DiagnosticReport Profile</a>
			</p>
			<p>Search Criteria:</p>
			<ul>
				<li>
					<p>A client <strong>SHOULD</strong> be capable of connecting to a server and fetching all of a patient&#39;s laboratory diagnostic reports queried by category using:</p>
					<p>
						<code>Get [base]/DiagnosticReport?patient=[id]&amp;category=LAB</code>
					</p>
				</li>
				<li>
					<p>A client <strong>SHOULD</strong> be capable of connecting to a server and fetching all of a patient&#39;s laboratory diagnostic reports queried by category code and date range using:</p>
					<p>
						<code>GET [base]/DiagnosticReport?patient=[id]&amp;category=LAB&amp;date=[date]{&amp;date=[date]}</code>
					</p>
				</li>
				<li>
					<p>A client <strong>SHOULD</strong> be capable of connecting to a server and fetching all of a patient&#39;s laboratory diagnostic reports queried by category and code using:</p>
					<p>
						<code>GET [base]/DiagnosticReport?patient=[id]&amp;category=LAB&amp;code=[LOINC]</code>
					</p>
				</li>
				<li>
					<p>A client <strong>SHOULD</strong> be capable of connecting to a server and fetching all of a patient&#39;s laboratory diagnostic reports queried by category and one or more codes and date range using:</p>
					<p>
						<code>GET [base]/DiagnosticReport?patient=[id]&amp;category=LAB&amp;code=[LOINC1{,LOINC2,LOINC3,&#xE2;&#x20AC;&#xA6;}]&amp;date=[date]{&amp;date=[date]}</code>
					</p>
				</li>
			</ul>
			<h5 id="goal">8. Goal</h5>
			<p>Supported Profiles:  <a href="http://hl7.org/fhir/us/core/1.0.1/{{ site.data.structuredefinitions.us-core-goal.path }}">US Core Goal Profile</a>
			</p>
			<p>Search Criteria:</p>
			<ul>
				<li>
					<p>A client <strong>SHOULD</strong> be capable of connecting to a server and fetching all of a patient&#39;s goals using:</p>
					<p>
						<code>Get [base]/Goal?patient=[id]</code>
					</p>
				</li>
				<li>
					<p>A client <strong>SHOULD</strong> be capable of connecting to a server and fetching all of all of a patient&#39;s goals over a specified time period using:</p>
					<p>
						<code>GET [base]/Goal?patient=[id]&amp;date=[date]{&amp;date=[date]}</code>
					</p>
				</li>
			</ul>
			<h5 id="immunization">9. Immunization</h5>
			<p>Supported Profiles:  <a href="http://hl7.org/fhir/us/core/1.0.1/{{ site.data.structuredefinitions.us-core-immunization.path }}">US Core Immunization Profile</a>
			</p>
			<p>Search Criteria:</p>
			<ul>
				<li>
					<p>A client <strong>SHOULD</strong> be capable of connecting to a server and fetching all immunizations for a patient using:</p>
					<p>
						<code>Get [base]/Immunization?patient=[id]</code>
					</p>
				</li>
			</ul>
			<h5 id="location">10. Location</h5>
			<p>Supported Profiles:  <a href="http://hl7.org/fhir/us/core/1.0.1/{{ site.data.structuredefinitions.us-core-location.path }}">US Core Location Profile</a>
			</p>
			<p>Search Criteria:</p>
			<ul>
				<li>
					<p>A client <strong>SHOULD</strong> be capable of connecting to a server and fetching a location by name using:</p>
					<p>
						<code>Get [base]/Location?name=[string]</code>
					</p>
				</li>
				<li>
					<p>A client <strong>SHOULD</strong> be capable of connecting to a server and fetching a location by address using:</p>
					<p>
						<code>GET [base]/Location?address=[string]</code>
					</p>
				</li>
			</ul>
			<h5 id="medication">11. Medication</h5>
			<p>Supported Profiles:  <a href="http://hl7.org/fhir/us/core/1.0.1/{{ site.data.structuredefinitions.us-core-medication.path }}">US Core Medication Profile</a>
			</p>
			<p>The MedicationStatement and MedicationRequest resources can represent a medication, using an external reference to a Medication resource. If an external Medication Resource is used in a MedicationStatement or a MedicationRequest, then the READ and SEARCH Criteria SHOULD be supported.</p>
			<h5 id="medicationstatement">12. MedicationStatement</h5>
			<p>Supported Profiles:  <a href="http://hl7.org/fhir/us/core/1.0.1/{{ site.data.structuredefinitions.us-core-medicationstatement.path }}">US Core MedicationStatement Profile</a>
			</p>
			<p>Search Criteria:</p>
			<p>The MedicationStatement resources can represent a medication using either a code or refer to the Medication resource.  When referencing a Medication resource, the resource may be <a href="{{ site.data.fhir.path }}/references.html#contained">contained</a> or an external resource. IF, an external reference to Medication is used, the server <strong>SHALL</strong> support the <a href="{{ site.data.fhir.path }}/references.html#include">
					<code>_include</code>
				</a> parameter for searching this element. The client application <strong>SHALL</strong> support all methods.</p>
			<p>A client <strong>SHOULD</strong> be capable of connecting to a server and fetching all medications for a patient using both:</p>
			<p>
				<code>GET /MedicationStatement?patient=[id]</code>
			</p>
			<p>and</p>
			<p>
				<code>GET /MedicationStatement?patient=[id]&amp;_include=MedicationStatement:medication</code>
			</p>
			<h5 id="medicationrequest">13. MedicationRequest</h5>
			<p>Supported Profiles:  <a href="http://hl7.org/fhir/us/core/1.0.1/{{ site.data.structuredefinitions.us-core-medicationrequest.path }}">US Core MedicationRequest Profile</a>
			</p>
			<p>Search Criteria:</p>
			<p>The MedicationRequest resources can represent a medication using either a code or refer to the Medication resource.  When referencing a Medication resource, the resource may be <a href="{{ site.data.fhir.path }}/references.html#contained">contained</a> or an external resource. If, an external reference to Medication is used, the server <strong>SHALL</strong> support the <a href="{{ site.data.fhir.path }}/references.html#include">
					<code>_include</code>
				</a> parameter for searching this element. The client application <strong>SHALL</strong> support all methods.</p>
			<p>A client <strong>SHOULD</strong> be capable of connecting to a server and fetching all medications for a patient using both:</p>
			<p>
				<code>GET /MedicationRequest?patient=[id]</code>
			</p>
			<p>and</p>
			<p>
				<code>GET /MedicationRequest?patient=[id]&amp;_include=MedicationRequest:medication</code>
			</p>
			<h5 id="observation">14. Observation</h5>
			<p>Supported Profiles:
1. <a href="http://hl7.org/fhir/us/core/1.0.1/{{ site.data.structuredefinitions.us-core-observationresults.path }}">US Core Result Observation Profile</a>
			</p>
			<p>Search Criteria:</p>
			<ul>
				<li>
					<p>A client <strong>SHOULD</strong> be capable of connecting to a server and fetching all of a patient&#39;s laboratory results

queried by category using:</p>
					<p>
						<code>GET [base]/Observation?patient=[id]&amp;category=laboratory</code>
					</p>
				</li>
				<li>
					<p>A client <strong>SHOULD</strong> be capable of connecting to a server and fetching all of a patient&#39;s laboratory results queried by category code and date range using:</p>
					<p>
						<code>GET [base]/Observation?patient=[id]&amp;category=laboratory&amp;date=[date]{&amp;date=[date]}</code>
					</p>
				</li>
				<li>
					<p>A client <strong>SHOULD</strong> be capable of connecting to a server and fetching all of a patient&#39;s laboratory results queried by category and code using:</p>
					<p>
						<code>GET [base]/Observation?patient=[id]&amp;category=laboratory&amp;code=[LOINC]</code>
					</p>
				</li>
				<li>
					<p>A client <strong>SHOULD</strong> be capable of connecting to a server and fetching all of a patient&#39;s laboratory results queried by category and one or more codes and date range using:</p>
					<p>
						<code>GET [base]/Observation?patient=[id]&amp;category=laboratory&amp;code=[LOINC1{,LOINC2,LOINC3,...}]&amp;date=[date]{&amp;date=[date]}</code>
					</p>
				</li>
			</ul>
			<ol>
				<li>
					<a href="{{ site.data.fhir.path }}/vitalsigns.html">Vital Signs Profile</a>
				</li>
			</ol>
			<p>Search Criteria</p>
			<ul>
				<li>
					<p>A client <strong>SHOULD</strong> be capable of connecting to a server and fetching all of a patient&#39;s vital signs that it supports using:</p>
					<p>
						<code>GET [base]/Observation?patient=[id]&amp;category=vital-signs</code>
					</p>
				</li>
				<li>
					<p>A client <strong>SHOULD</strong> be capable of connecting to a server and fetching all of a patient&#39;s vital signs queried by date range using:</p>
					<p>
						<code>GET [base]/Observation?patient=[id]&amp;category=vital-signs&amp;date=[date]{&amp;date=[date]}</code>
					</p>
				</li>
				<li>
					<p>A client <strong>SHOULD</strong> be capable of connecting to a server and fetching any of a patient&#39;s vital signs queried by one or more of the codes listed below using:</p>
					<p>
						<code>GET [base]/Observation?patient=[id]&amp;code[vital sign LOINC{,LOINC2,LOINC3,&#xE2;&#x20AC;&#xA6;}]</code>
					</p>
				</li>
				<li>
					<p>A client <strong>SHOULD</strong> be capable of connecting to a server and fetching any of a patient&#39;s vital signs queried by one or more of the codes listed below and date range using:</p>
					<p>
						<code>GET [base]/Observation?patient=[id]&amp;code=[LOINC{,LOINC2&#xE2;&#x20AC;&#xA6;}]vital-signs&amp;date=[date]{&amp;date=[date]}</code>
					</p>
				</li>
			</ul>
			<ol>
				<li>
					<a href="http://hl7.org/fhir/us/core/1.0.1/{{ site.data.structuredefinitions.us-core-smokingstatus.path }}">US Core Smoking Status Observation Profile</a>
				</li>
			</ol>
			<p>Search Criteria:</p>
			<ul>
				<li>
					<p>A client <strong>SHOULD</strong> be capable of connecting to a server and fetching a patient&#39;s smoking status using:</p>
					<p>
						<code>GET [base]/Observation?patient=[id]&amp;code=72166-2</code>
					</p>
				</li>
			</ul>
			<h5 id="organization">15. Organization</h5>
			<p>Supported Profiles:  <a href="http://hl7.org/fhir/us/core/1.0.1/{{ site.data.structuredefinitions.us-core-organization.path }}">US Core Organization Profile</a>
			</p>
			<p>Search Criteria:</p>
			<ul>
				<li>
					<p>A client <strong>SHOULD</strong> be capable of connecting to a server and fetching an organization by identifier using:</p>
					<table>
						<tbody>
							<tr>
								<td>`GET [base]/Organization?identifier=[system]</td>
								<td>[code]&#39;</td>
							</tr>
						</tbody>
					</table>
				</li>
				<li>
					<p>A client <strong>SHOULD</strong> be capable of connecting to a server and fetching an organization by name using:</p>
					<p>
						<code>GET [base]/Organization?name=[string]</code>
					</p>
				</li>
				<li>
					<p>A client <strong>SHOULD</strong> be capable of connecting to a server and fetching an organization by address using:</p>
					<p>
						<code>GET [base]/Organization?address=[string]</code>
					</p>
				</li>
			</ul>
			<h5 id="practitioner">16. Practitioner</h5>
			<p>Supported Profiles:  <a href="http://hl7.org/fhir/us/core/1.0.1/{{ site.data.structuredefinitions.us-core-practitioner.path }}">US Core Practitioner Profile</a>
			</p>
			<p>Search Criteria:</p>
			<ul>
				<li>
					<p>A client <strong>SHOULD</strong> be capable of connecting to a server and fetching a practitioner by identifier using:</p>
					<p>
						<code>GET [base]/Practitioner?identifier=[system]|[code]</code>
					</p>
				</li>
				<li>
					<p>A client <strong>SHOULD</strong> be capable of connecting to a server and fetching a practitioner by name using:</p>
					<p>
						<code>GET [base]/Practitioner?family=[string]&amp;given=[string]</code>
					</p>
				</li>
			</ul>
			<h5 id="procedure">17. Procedure</h5>
			<p>Supported Profiles:  <a href="http://hl7.org/fhir/us/core/1.0.1/{{ site.data.structuredefinitions.us-core-procedure.path }}">US Core Procedure Profile</a>
			</p>
			<p>Search Criteria:</p>
			<ul>
				<li>
					<p>A client <strong>SHOULD</strong> be capable of connecting to a server and fetching a patient&#39;s procedures using:</p>
					<p>
						<code>GET/Procedure?patient=[id]</code>
					</p>
				</li>
				<li>
					<p>A client <strong>SHOULD</strong> be capable of connecting to a server and fetching all of a patient&#39;s procedures over a specified time period using:</p>
					<p>
						<code>GET /Procedure?patient=[id]&amp;date=[date]{&amp;date=[date]}</code>
					</p>
				</li>
			</ul>
			<p/>
		</div></text><url value="http://hl7.org/fhir/us/core/CapabilityStatement/client"/><version value="1.0.1"/><name value="US Core Client"/><status value="draft"/><date value="2017-03-20T00:00:00+11:00"/><publisher value="HL7 US Realm Steering Committee"/><contact><telecom><system value="other"/><value value="http://www.hl7.org/SpecialCommittees/usrealm/index.cfm"/></telecom></contact><description value="This profile defines the expected capabilities of the US Core Client conforming to the US Core IG."/><jurisdiction><coding><system value="urn:iso:std:iso:3166"/><code value="US"/><display value="United States Minor Outlying Islands (the)"/></coding></jurisdiction><kind value="requirements"/><fhirVersion value="3.0.0"/><acceptUnknown value="extensions"/><format value="xml"/><format value="json"/><profile><extension url="http://hl7.org/fhir/us/core/StructureDefinition/us-core-profile-link"><valueCode value="AllergyIntolerance"/></extension><reference value="http://hl7.org/fhir/us/core/StructureDefinition/us-core-allergyintolerance"/><display value="US Core AllergyIntolerance Profile"/></profile><profile><extension url="http://hl7.org/fhir/us/core/StructureDefinition/us-core-profile-link"><valueCode value="CarePlan"/></extension><reference value="http://hl7.org/fhir/us/core/StructureDefinition/us-core-careplan"/><display value="US Core CarePlan Profile"/></profile><profile><extension url="http://hl7.org/fhir/us/core/StructureDefinition/us-core-profile-link"><valueCode value="CareTeam"/></extension><reference value="http://hl7.org/fhir/us/core/StructureDefinition/us-core-careteam"/><display value="US Core CareTeam Profile"/></profile><profile><extension url="http://hl7.org/fhir/us/core/StructureDefinition/us-core-profile-link"><valueCode value="Condition"/></extension><reference value="http://hl7.org/fhir/us/core/StructureDefinition/us-core-condition"/><display value="US Core Condition Profile"/></profile><profile><extension url="http://hl7.org/fhir/us/core/StructureDefinition/us-core-profile-link"><valueCode value="Device"/></extension><reference value="http://hl7.org/fhir/us/core/StructureDefinition/us-core-device"/><display value="US Core Device Profile"/></profile><profile><extension url="http://hl7.org/fhir/us/core/StructureDefinition/us-core-profile-link"><valueCode value="Goal"/></extension><reference value="http://hl7.org/fhir/us/core/StructureDefinition/us-core-goal"/><display value="US Core Goal Profile"/></profile><profile><extension url="http://hl7.org/fhir/us/core/StructureDefinition/us-core-profile-link"><valueCode value="Immunization"/></extension><reference value="http://hl7.org/fhir/us/core/StructureDefinition/us-core-immunization"/><display value="US Core Immunization Profile"/></profile><profile><extension url="http://hl7.org/fhir/us/core/StructureDefinition/us-core-profile-link"><valueCode value="DiagnosticReport"/></extension><reference value="http://hl7.org/fhir/us/core/StructureDefinition/us-core-diagnosticreport"/><display value="US Core DiagnosticReport Profile"/></profile><profile><extension url="http://hl7.org/fhir/us/core/StructureDefinition/us-core-profile-link"><valueCode value="Observation"/></extension><reference value="http://hl7.org/fhir/us/core/StructureDefinition/us-core-observationresults"/><display value="US Core Result Observation Profile"/></profile><profile><extension url="http://hl7.org/fhir/us/core/StructureDefinition/us-core-profile-link"><valueCode value="Location"/></extension><reference value="http://hl7.org/fhir/us/core/StructureDefinition/us-core-location"/><display value="US Core Location Profile"/></profile><profile><extension url="http://hl7.org/fhir/us/core/StructureDefinition/us-core-profile-link"><valueCode value="Medication"/></extension><reference value="http://hl7.org/fhir/us/core/StructureDefinition/us-core-medication"/><display value="US Core Medication Profile"/></profile><profile><extension url="http://hl7.org/fhir/us/core/StructureDefinition/us-core-profile-link"><valueCode value="MedicationRequest"/></extension><reference value="http://hl7.org/fhir/us/core/StructureDefinition/us-core-medicationrequest"/><display value="US Core MedicationRequest Profile"/></profile><profile><extension url="http://hl7.org/fhir/us/core/StructureDefinition/us-core-profile-link"><valueCode value="MedicationStatement"/></extension><reference value="http://hl7.org/fhir/us/core/StructureDefinition/us-core-medicationstatement"/><display value="US Core MedicationStatement Profile"/></profile><profile><extension url="http://hl7.org/fhir/us/core/StructureDefinition/us-core-profile-link"><valueCode value="Observation"/></extension><reference value="http://hl7.org/fhir/StructureDefinition/vitalsigns"/><display value="Vital Signs Profile"/></profile><profile><extension url="http://hl7.org/fhir/us/core/StructureDefinition/us-core-profile-link"><valueCode value="Observation"/></extension><reference value="http://hl7.org/fhir/us/core/StructureDefinition/us-core-smokingstatus"/><display value="US Core Smoking Status Observation Profile"/></profile><profile><extension url="http://hl7.org/fhir/us/core/StructureDefinition/us-core-profile-link"><valueCode value="Organization"/></extension><reference value="http://hl7.org/fhir/us/core/StructureDefinition/us-core-organization"/><display value="US Core Organization Profile"/></profile><profile><extension url="http://hl7.org/fhir/us/core/StructureDefinition/us-core-profile-link"><valueCode value="Patient"/></extension><reference value="http://hl7.org/fhir/us/core/StructureDefinition/us-core-patient"/><display value="US Core Patient Profile"/></profile><profile><extension url="http://hl7.org/fhir/us/core/StructureDefinition/us-core-profile-link"><valueCode value="Practitioner"/></extension><reference value="http://hl7.org/fhir/us/core/StructureDefinition/us-core-practitioner"/><display value="US Core Practitioner Profile"/></profile><profile><extension url="http://hl7.org/fhir/us/core/StructureDefinition/us-core-profile-link"><valueCode value="Procedure"/></extension><reference value="http://hl7.org/fhir/us/core/StructureDefinition/us-core-procedure"/><display value="US Core Procedure Profile"/></profile><rest><mode value="client"/><resource><type value="Patient"/><interaction><extension url="http://hl7.org/fhir/StructureDefinition/capabilitystatement-expectation"><valueCode value="SHOULD"/></extension><code value="search-type"/><documentation value="Allows discovery of existing US Core patient resources using different search criteria"/></interaction><interaction><extension url="http://hl7.org/fhir/StructureDefinition/capabilitystatement-expectation"><valueCode value="SHOULD"/></extension><code value="read"/><documentation value="Allows retrieval of a specific US Core patients by id"/></interaction><interaction><extension url="http://hl7.org/fhir/StructureDefinition/capabilitystatement-expectation"><valueCode value="SHOULD"/></extension><code value="history-instance"/><documentation value="Allows review of changes to US Core patient instance over time"/></interaction><interaction><extension url="http://hl7.org/fhir/StructureDefinition/capabilitystatement-expectation"><valueCode value="SHOULD"/></extension><code value="vread"/><documentation value="Allows retrieval of a historical version of a US Core patient instance"/></interaction></resource><resource><type value="AllergyIntolerance"/><interaction><extension url="http://hl7.org/fhir/StructureDefinition/capabilitystatement-expectation"><valueCode value="SHOULD"/></extension><code value="search-type"/><documentation value="Allows discovery of existing US Core AllergyIntolerance resources using different search criteria"/></interaction><interaction><extension url="http://hl7.org/fhir/StructureDefinition/capabilitystatement-expectation"><valueCode value="SHOULD"/></extension><code value="read"/><documentation value="Allows retrieval of a specific US Core AllergyIntolerance by id"/></interaction><interaction><extension url="http://hl7.org/fhir/StructureDefinition/capabilitystatement-expectation"><valueCode value="SHOULD"/></extension><code value="history-instance"/><documentation value="Allows review of changes to US Core AllergyIntolerance instance over time"/></interaction><interaction><extension url="http://hl7.org/fhir/StructureDefinition/capabilitystatement-expectation"><valueCode value="SHOULD"/></extension><code value="vread"/><documentation value="Allows retrieval of a historical version of a US Core AllergyIntolerance instance"/></interaction></resource><resource><type value="CarePlan"/><interaction><extension url="http://hl7.org/fhir/StructureDefinition/capabilitystatement-expectation"><valueCode value="SHOULD"/></extension><code value="search-type"/><documentation value="Allows discovery of existing US Core careplan resources using different search criteria"/></interaction><interaction><extension url="http://hl7.org/fhir/StructureDefinition/capabilitystatement-expectation"><valueCode value="SHOULD"/></extension><code value="read"/><documentation value="Allows retrieval of a specific US Core careplan by id"/></interaction><interaction><extension url="http://hl7.org/fhir/StructureDefinition/capabilitystatement-expectation"><valueCode value="SHOULD"/></extension><code value="history-instance"/><documentation value="Allows review of changes to US Core careplan instance over time"/></interaction><interaction><extension url="http://hl7.org/fhir/StructureDefinition/capabilitystatement-expectation"><valueCode value="SHOULD"/></extension><code value="vread"/><documentation value="Allows retrieval of a historical version of a US Core careplan instance"/></interaction></resource><resource><type value="CareTeam"/><interaction><extension url="http://hl7.org/fhir/StructureDefinition/capabilitystatement-expectation"><valueCode value="SHOULD"/></extension><code value="search-type"/><documentation value="Allows discovery of existing US Core careteam resources using different search criteria"/></interaction><interaction><extension url="http://hl7.org/fhir/StructureDefinition/capabilitystatement-expectation"><valueCode value="SHOULD"/></extension><code value="read"/><documentation value="Allows retrieval of a specific US Core careteam by id"/></interaction><interaction><extension url="http://hl7.org/fhir/StructureDefinition/capabilitystatement-expectation"><valueCode value="SHOULD"/></extension><code value="history-instance"/><documentation value="Allows review of changes to US Core careteam instance over time"/></interaction><interaction><extension url="http://hl7.org/fhir/StructureDefinition/capabilitystatement-expectation"><valueCode value="SHOULD"/></extension><code value="vread"/><documentation value="Allows retrieval of a historical version of a US Core careteam instance"/></interaction></resource><resource><type value="Condition"/><interaction><extension url="http://hl7.org/fhir/StructureDefinition/capabilitystatement-expectation"><valueCode value="SHOULD"/></extension><code value="search-type"/><documentation value="Allows discovery of existing US Core condition resources using different search criteria"/></interaction><interaction><extension url="http://hl7.org/fhir/StructureDefinition/capabilitystatement-expectation"><valueCode value="SHOULD"/></extension><code value="read"/><documentation value="Allows retrieval of a specific US Core condition by id"/></interaction><interaction><extension url="http://hl7.org/fhir/StructureDefinition/capabilitystatement-expectation"><valueCode value="SHOULD"/></extension><code value="history-instance"/><documentation value="Allows review of changes to US Core condition instance over time"/></interaction><interaction><extension url="http://hl7.org/fhir/StructureDefinition/capabilitystatement-expectation"><valueCode value="SHOULD"/></extension><code value="vread"/><documentation value="Allows retrieval of a historical version of a US Core condition instance"/></interaction></resource><resource><type value="Device"/><interaction><extension url="http://hl7.org/fhir/StructureDefinition/capabilitystatement-expectation"><valueCode value="SHOULD"/></extension><code value="search-type"/><documentation value="Allows discovery of existing US Core device resources using different search criteria"/></interaction><interaction><extension url="http://hl7.org/fhir/StructureDefinition/capabilitystatement-expectation"><valueCode value="SHOULD"/></extension><code value="read"/><documentation value="Allows retrieval of a specific US Core device by id"/></interaction><interaction><extension url="http://hl7.org/fhir/StructureDefinition/capabilitystatement-expectation"><valueCode value="SHOULD"/></extension><code value="history-instance"/><documentation value="Allows review of changes to US Core device instance over time"/></interaction><interaction><extension url="http://hl7.org/fhir/StructureDefinition/capabilitystatement-expectation"><valueCode value="SHOULD"/></extension><code value="vread"/><documentation value="Allows retrieval of a historical version of a US Core device instance"/></interaction></resource><resource><type value="Goal"/><interaction><extension url="http://hl7.org/fhir/StructureDefinition/capabilitystatement-expectation"><valueCode value="SHOULD"/></extension><code value="search-type"/><documentation value="Allows discovery of existing US Core goal resources using different search criteria"/></interaction><interaction><extension url="http://hl7.org/fhir/StructureDefinition/capabilitystatement-expectation"><valueCode value="SHOULD"/></extension><code value="read"/><documentation value="Allows retrieval of a specific US Core goal by id"/></interaction><interaction><extension url="http://hl7.org/fhir/StructureDefinition/capabilitystatement-expectation"><valueCode value="SHOULD"/></extension><code value="history-instance"/><documentation value="Allows review of changes to US Core goal instance over time"/></interaction><interaction><extension url="http://hl7.org/fhir/StructureDefinition/capabilitystatement-expectation"><valueCode value="SHOULD"/></extension><code value="vread"/><documentation value="Allows retrieval of a historical version of a US Core goal instance"/></interaction></resource><resource><type value="Immunization"/><interaction><extension url="http://hl7.org/fhir/StructureDefinition/capabilitystatement-expectation"><valueCode value="SHOULD"/></extension><code value="search-type"/><documentation value="Allows discovery of existing US Core immunization resources using different search criteria"/></interaction><interaction><extension url="http://hl7.org/fhir/StructureDefinition/capabilitystatement-expectation"><valueCode value="SHOULD"/></extension><code value="read"/><documentation value="Allows retrieval of a specific US Core immunization by id"/></interaction><interaction><extension url="http://hl7.org/fhir/StructureDefinition/capabilitystatement-expectation"><valueCode value="SHOULD"/></extension><code value="history-instance"/><documentation value="Allows review of changes to US Core immunization instance over time"/></interaction><interaction><extension url="http://hl7.org/fhir/StructureDefinition/capabilitystatement-expectation"><valueCode value="SHOULD"/></extension><code value="vread"/><documentation value="Allows retrieval of a historical version of a US Core immunization instance"/></interaction></resource><resource><type value="DiagnosticReport"/><interaction><extension url="http://hl7.org/fhir/StructureDefinition/capabilitystatement-expectation"><valueCode value="SHOULD"/></extension><code value="search-type"/><documentation value="Allows discovery of existing US Core diagnosticreport resources using different search criteria"/></interaction><interaction><extension url="http://hl7.org/fhir/StructureDefinition/capabilitystatement-expectation"><valueCode value="SHOULD"/></extension><code value="read"/><documentation value="Allows retrieval of a specific US Core diagnosticreport by id"/></interaction><interaction><extension url="http://hl7.org/fhir/StructureDefinition/capabilitystatement-expectation"><valueCode value="SHOULD"/></extension><code value="history-instance"/><documentation value="Allows review of changes to US Core diagnosticreport instance over time"/></interaction><interaction><extension url="http://hl7.org/fhir/StructureDefinition/capabilitystatement-expectation"><valueCode value="SHOULD"/></extension><code value="vread"/><documentation value="Allows retrieval of a historical version of a US Core diagnosticreport instance"/></interaction></resource><resource><type value="Observation"/><interaction><extension url="http://hl7.org/fhir/StructureDefinition/capabilitystatement-expectation"><valueCode value="SHOULD"/></extension><code value="search-type"/><documentation value="Allows discovery of existing US Core resultobs resources using different search criteria"/></interaction><interaction><extension url="http://hl7.org/fhir/StructureDefinition/capabilitystatement-expectation"><valueCode value="SHOULD"/></extension><code value="read"/><documentation value="Allows retrieval of a specific US Core resultobs by id"/></interaction><interaction><extension url="http://hl7.org/fhir/StructureDefinition/capabilitystatement-expectation"><valueCode value="SHOULD"/></extension><code value="history-instance"/><documentation value="Allows review of changes to US Core resultobs instance over time"/></interaction><interaction><extension url="http://hl7.org/fhir/StructureDefinition/capabilitystatement-expectation"><valueCode value="SHOULD"/></extension><code value="vread"/><documentation value="Allows retrieval of a historical version of a US Core resultobs instance"/></interaction></resource><resource><type value="Location"/><interaction><extension url="http://hl7.org/fhir/StructureDefinition/capabilitystatement-expectation"><valueCode value="SHOULD"/></extension><code value="search-type"/><documentation value="Allows discovery of existing US Core location resources using different search criteria."/></interaction><interaction><extension url="http://hl7.org/fhir/StructureDefinition/capabilitystatement-expectation"><valueCode value="SHOULD"/></extension><code value="read"/><documentation value="Allows retrieval of a historical version of a US Core location instance"/></interaction><interaction><extension url="http://hl7.org/fhir/StructureDefinition/capabilitystatement-expectation"><valueCode value="SHOULD"/></extension><code value="history-instance"/><documentation value="Allows review of changes to US Core Medication instance over time"/></interaction><interaction><extension url="http://hl7.org/fhir/StructureDefinition/capabilitystatement-expectation"><valueCode value="SHOULD"/></extension><code value="vread"/><documentation value="Allows retrieval of a historical version of a US Core Medication instance"/></interaction></resource><resource><type value="Medication"/><interaction><extension url="http://hl7.org/fhir/StructureDefinition/capabilitystatement-expectation"><valueCode value="SHOULD"/></extension><code value="search-type"/><documentation value="IF the Medication Resource is used in a MedicationStatement or a MedicationRequest.   Allows discovery of existing US Core Medication resources using different search criteria."/></interaction><interaction><extension url="http://hl7.org/fhir/StructureDefinition/capabilitystatement-expectation"><valueCode value="SHOULD"/></extension><code value="read"/><documentation value="IF the Medication Resource is used in a MedicationStatement or a MedicationRequest.  Allows retrieval of a specific US Core Medication by id"/></interaction><interaction><extension url="http://hl7.org/fhir/StructureDefinition/capabilitystatement-expectation"><valueCode value="SHOULD"/></extension><code value="history-instance"/><documentation value="Allows review of changes to US Core Medication instance over time"/></interaction><interaction><extension url="http://hl7.org/fhir/StructureDefinition/capabilitystatement-expectation"><valueCode value="SHOULD"/></extension><code value="vread"/><documentation value="Allows retrieval of a historical version of a US Core Medication instance"/></interaction></resource><resource><type value="MedicationStatement"/><interaction><extension url="http://hl7.org/fhir/StructureDefinition/capabilitystatement-expectation"><valueCode value="SHOULD"/></extension><code value="search-type"/><documentation value="Allows discovery of existing US Core medicationstatement resources using different search criteria"/></interaction><interaction><extension url="http://hl7.org/fhir/StructureDefinition/capabilitystatement-expectation"><valueCode value="SHOULD"/></extension><code value="read"/><documentation value="Allows retrieval of a specific US Core medicationstatement by id"/></interaction><interaction><extension url="http://hl7.org/fhir/StructureDefinition/capabilitystatement-expectation"><valueCode value="SHOULD"/></extension><code value="history-instance"/><documentation value="Allows review of changes to US Core medicationstatement instance over time"/></interaction><interaction><extension url="http://hl7.org/fhir/StructureDefinition/capabilitystatement-expectation"><valueCode value="SHOULD"/></extension><code value="vread"/><documentation value="Allows retrieval of a historical version of a US Core medicationstatement instance"/></interaction></resource><resource><type value="MedicationRequest"/><interaction><extension url="http://hl7.org/fhir/StructureDefinition/capabilitystatement-expectation"><valueCode value="SHOULD"/></extension><code value="search-type"/><documentation value="Allows discovery of existing US Core medicationorder resources using different search criteria"/></interaction><interaction><extension url="http://hl7.org/fhir/StructureDefinition/capabilitystatement-expectation"><valueCode value="SHOULD"/></extension><code value="read"/><documentation value="Allows retrieval of a specific US Core medicationorder by id"/></interaction><interaction><extension url="http://hl7.org/fhir/StructureDefinition/capabilitystatement-expectation"><valueCode value="SHOULD"/></extension><code value="history-instance"/><documentation value="Allows review of changes to US Core medicationorder instance over time"/></interaction><interaction><extension url="http://hl7.org/fhir/StructureDefinition/capabilitystatement-expectation"><valueCode value="SHOULD"/></extension><code value="vread"/><documentation value="Allows retrieval of a historical version of a US Core medicationorder instance"/></interaction></resource><resource><type value="Organization"/><interaction><extension url="http://hl7.org/fhir/StructureDefinition/capabilitystatement-expectation"><valueCode value="SHOULD"/></extension><code value="search-type"/><documentation value="Allows discovery of existing US Core organization resources using different search criteria"/></interaction><interaction><extension url="http://hl7.org/fhir/StructureDefinition/capabilitystatement-expectation"><valueCode value="SHOULD"/></extension><code value="read"/><documentation value="Allows retrieval of a specific US Core organization by id"/></interaction><interaction><extension url="http://hl7.org/fhir/StructureDefinition/capabilitystatement-expectation"><valueCode value="SHOULD"/></extension><code value="history-instance"/><documentation value="Allows review of changes to US Core organization instance over time"/></interaction><interaction><extension url="http://hl7.org/fhir/StructureDefinition/capabilitystatement-expectation"><valueCode value="SHOULD"/></extension><code value="vread"/><documentation value="Allows retrieval of a historical version of a US Core organization instance"/></interaction></resource><resource><type value="Practitioner"/><interaction><extension url="http://hl7.org/fhir/StructureDefinition/capabilitystatement-expectation"><valueCode value="SHOULD"/></extension><code value="search-type"/><documentation value="Allows discovery of existing US Core practitioner resources using different search criteria"/></interaction><interaction><extension url="http://hl7.org/fhir/StructureDefinition/capabilitystatement-expectation"><valueCode value="SHOULD"/></extension><code value="read"/><documentation value="Allows retrieval of a specific US Core practitioner by id"/></interaction><interaction><extension url="http://hl7.org/fhir/StructureDefinition/capabilitystatement-expectation"><valueCode value="SHOULD"/></extension><code value="history-instance"/><documentation value="Allows review of changes to US Core practitioner instance over time"/></interaction><interaction><extension url="http://hl7.org/fhir/StructureDefinition/capabilitystatement-expectation"><valueCode value="SHOULD"/></extension><code value="vread"/><documentation value="Afllows retrieval of a historical version of a US Core practitioner instance"/></interaction></resource><resource><type value="Procedure"/><interaction><extension url="http://hl7.org/fhir/StructureDefinition/capabilitystatement-expectation"><valueCode value="SHOULD"/></extension><code value="search-type"/><documentation value="Allows discovery of existing US Core procedure resources using different search criteria"/></interaction><interaction><extension url="http://hl7.org/fhir/StructureDefinition/capabilitystatement-expectation"><valueCode value="SHOULD"/></extension><code value="read"/><documentation value="Allows retrieval of a specific US Core procedure by id"/></interaction><interaction><extension url="http://hl7.org/fhir/StructureDefinition/capabilitystatement-expectation"><valueCode value="SHOULD"/></extension><code value="history-instance"/><documentation value="Allows review of changes to US Core procedure instance over time"/></interaction><interaction><extension url="http://hl7.org/fhir/StructureDefinition/capabilitystatement-expectation"><valueCode value="SHOULD"/></extension><code value="vread"/><documentation value="Allows retrieval of a historical version of a US Core procedure instance"/></interaction></resource></rest></CapabilityStatement>