<?xml version="1.0" encoding="UTF-8"?><CapabilityStatement xmlns="http://hl7.org/fhir"><id value="server"/><text><status value="additional"/><div xmlns="http://www.w3.org/1999/xhtml">
<ul><li>FHIR Version: 3.0.0</li><li>Supported formats: xml, json</li><li>Published: 2017-03-08</li><li>Published by: Health Level Seven International US Realm Steering Committee</li></ul><p>The Section describes the expected capabilities of the US Core Server actor which is responsible for providing responses to the queries submitted by the US Core Requestors. The complete list of FHIR profiles, RESTful operations, and search parameters supported by US Core Servers are defined. Systems implementing this capability statement should meet the ONC 2015 Common Clinical Data Set (CCDS) access requirement for Patient Selection 170.315(g)(7) and Application Access - Data Category Request 170.315(g)(8).  US Core Clients have the option of choosing from this list to access necessary data based on their local use cases and other contextual requirements.</p><h4 id="behavior">Behavior</h4><p>Description: The US Core Server <strong>SHALL</strong>:</p><ul><li>Support the US Core Patient resource profile.</li><li>Support at least one additional resource profile from the list of US Core Profiles.</li><li>Implement the RESTful behavior according to the FHIR specification.</li><li>Return the following response classes:
    <ul><li>(Status 200): successful operation</li><li>(Status 400): invalid parameter</li><li>(Status 401/4xx): unauthorized request</li><li>(Status 403): insufficient scope</li><li>(Status 404): unknown resource</li><li>(Status 410): deleted resource.</li></ul></li><li>Support <em>json</em> resource formats for all US Core interactions.</li><li>Declare a CapabilityStatement identifying the list of profiles, operations, search parameter supported.</li></ul><p>The US Core Server <strong>SHOULD</strong>:</p><ul><li>Support <em>xml</em> resource formats for all US Core interactions.</li><li>Identify the US Core profiles supported as part of the FHIR <code class="highlighter-rouge">meta.profile</code> attribute for each instance.</li></ul><h4 id="security">Security:</h4><p>US Core Servers <strong>SHALL</strong>:</p><ul><li>Implement the <a href="http://hl7.org/fhir/us/core/1.0.1/security.html">security requirements</a> documented in the this IG.</li><li>A server has ensured that every API request includes a valid Authorization token, supplied via: <code class="highlighter-rouge">Authorization: Bearer {server-specific-token-here}</code></li><li>A server has rejected any unauthorized requests by returning an <code class="highlighter-rouge">HTTP 401</code> Unauthorized response code.</li></ul><h4 id="profile-interaction-summary">Profile Interaction Summary:</h4><ul><li>All servers <strong>SHALL</strong> make available the <a href="{{ site.data.fhir.path }}/http.html#read">read</a> and <a href="{{ site.data.fhir.path }}/http.html#search">search</a> interactions for the Profiles the server chooses to support.</li><li>All servers <strong>SHOULD</strong> make available the <a href="{{ site.data.fhir.path }}/http.html#vread">vread</a> and <a href="{{ site.data.fhir.path }}/http.html#history">history-instance</a> interactions for the Profiles the server chooses to support.</li></ul><p><strong>Summary of US Core search criteria</strong></p><p>Specific server search capabilities are described in detail in each of the resource sections below.</p><table class="grid"><thead><tr><th>Resource Type</th><th>Supported Profiles</th><th>Supported Searches</th><th>Supported Includes</th></tr></thead><tbody><tr><td><a href="#patient">Patient</a></td><td>US Core Patient Profile</td><td>name , family , given , identifier , gender , birthdate , name + gender , name + birthdate , family + gender , given + gender</td><td/></tr><tr><td><a href="#allergyintolerance">AllergyIntolerance</a></td><td>US Core AllergyIntolerance Profile</td><td>patient</td><td/></tr><tr><td><a href="#careplan">CarePlan</a></td><td>US Core CarePlan Profile</td><td>patient , category , status , date, patient + category , patient + category + date , patient + category + status , patient + category + status + date</td><td/></tr><tr><td><a href="#careteam">CareTeam</a></td><td>US Core CareTeam Profile</td><td>patient , status, patient + status</td><td/></tr><tr><td><a href="#condition">Condition</a></td><td>US Core Condition Profile</td><td>patient , category , clinicalstatus, patient + clinicalstatus , patient + category</td><td/></tr><tr><td><a href="#device">Device</a></td><td>US Core Device Profile</td><td>patient</td><td/></tr><tr><td><a href="#diagnosticreport">DiagnosticReport</a></td><td>US Core DiagnosticReport Profile</td><td>patient , category , code , date, patient + category , patient + category + date , patient + category + code, patient + category + code + date</td><td/></tr><tr><td><a href="#goal">Goal</a></td><td>US Core Goal Profile</td><td>patient , date, patient + date</td><td/></tr><tr><td><a href="#immunization">Immunization</a></td><td>US Core Immunization Profile</td><td>patient</td><td/></tr><tr><td><a href="#location">Location</a></td><td>US Core Location Profile</td><td>name , address</td><td/></tr><tr><td><a href="#medication">Medication</a></td><td>US Core Medication Profile</td><td/><td/></tr><tr><td><a href="#medicationstatement">MedicationStatement</a></td><td>US Core MedicationStatement Profile</td><td>patient</td><td>MedicationStatement.medication</td></tr><tr><td><a href="#medicationrequest">MedicationRequest</a></td><td>US Core MedicationRequest Profile</td><td>patient</td><td>MedicationRequest.medication</td></tr><tr><td><a href="#observation">Observation</a></td><td>US Core Result Observation Profile, Vital Signs Profile, US Core Smoking Status Observation Profile</td><td>patient , category , code , date, patient + category , patient + category + date , patient + category + code, patient + category + code + date</td><td/></tr><tr><td><a href="#organization">Organization</a></td><td>US Core Organization Profile</td><td>identifier , name , address</td><td/></tr><tr><td><a href="#practitioner">Practitioner</a></td><td>US Core Practitioner Profile</td><td>identifier , name</td><td/></tr><tr><td><a href="#procedure">Procedure</a></td><td>US Core Procedure Profile</td><td>patient , date , patient + date</td><td/></tr></tbody></table><h4 id="resource--details" class="no_toc">Resource  Details:</h4><h5 id="patient" class="no_toc">1. Patient</h5><p>Supported Profiles:  <a href="http://hl7.org/fhir/us/core/1.0.1/{{ site.data.structuredefinitions.us-core-patient.path }}">US Core Patient Profile</a></p><p>Search Criteria:</p><ul><li><p>A server <strong>SHALL</strong> be capable of returning a patient using:</p><p><code class="highlighter-rouge">GET [base]/Patient/[id]</code>.</p></li><li><p>A server <strong>SHALL</strong> be capable of returning a patient by identifier using
<code class="highlighter-rouge">GET [base]/Patient?identifier=[system]|[code]</code></p></li><li><p>A server <strong>SHALL</strong> be capbable of returning a patient by supporting at a minimum the following search parameters when at least 2 are present:</p><ul><li>name</li><li>gender</li><li><p>birthdate</p><ul><li>for example:</li></ul><p><code class="highlighter-rouge">GET [base]/Patient?name=[name]&amp;gender=[gender]</code></p></li></ul></li></ul><p>Search Parameters:</p><table class="grid"><thead><tr><th>Conformance</th><th>Parameter</th><th>Type</th></tr></thead><tbody><tr><td>SHALL</td><td>name</td><td>string</td></tr><tr><td>SHALL</td><td>identifier</td><td>token</td></tr><tr><td>SHALL</td><td>family +gender</td><td>string  + token</td></tr><tr><td>SHALL</td><td>given +gender</td><td>string  + token</td></tr><tr><td>SHALL</td><td>name+gender</td><td>string  + token</td></tr><tr><td>SHALL</td><td>name+birthdate</td><td>string + date</td></tr></tbody></table><h5 id="allergyintolerance" class="no_toc">2. AllergyIntolerance</h5><p>Supported Profiles:  <a href="http://hl7.org/fhir/us/core/1.0.1/{{ site.data.structuredefinitions.us-core-allergyintolerance.path }}">US Core AllergyIntolerance Profile</a></p><p>Search Criteria:</p><ul><li><p>A server <strong>SHALL</strong> be capable of returning all patient&#39;s allergies using:</p><p><code class="highlighter-rouge">Get [base]/AllergyIntolerance?patient=[id]</code></p></li></ul><p>Search Parameters:</p><table class="grid"><thead><tr><th>Conformance</th><th>Parameter</th><th>Type</th></tr></thead><tbody><tr><td>SHALL</td><td>patient</td><td>reference</td></tr></tbody></table><h5 id="careplan" class="no_toc">3. CarePlan</h5><p>Supported Profiles:  <a href="http://hl7.org/fhir/us/core/1.0.1/{{ site.data.structuredefinitions.us-core-careplan.path }}">US Core CarePlan Profile</a></p><p>Search Criteria:</p><ul><li><p>A server <strong>SHALL</strong> be capable of returning all of a patient&#39;s Assessment and Plan of Treatment information using:</p><p><code class="highlighter-rouge">Get [base]/CarePlan?patient=[id]&amp;category=assess-plan</code></p></li><li><p>A server <strong>SHALL</strong> be capable of returning a patient&#39;s Assessment and Plan of Treatment information over a specified time period using:</p><p><code class="highlighter-rouge">Get [base]/CarePlan?patient=[id]&amp;category=assess-plan&amp;date=[date]</code></p></li><li><p>A server <strong>SHOULD</strong> be capable returning all of a patient&#39;s active Assessment and Plan of Treatment information using</p><p><code class="highlighter-rouge">Get [base]/CarePlan?patient=[id]&amp;category=assess-plan&amp;status=active</code></p></li><li><p>A server <strong>SHOULD</strong> be capable returning a patient&#39;s active Assessment and Plan of Treatment information over a specified time period using</p><p><code class="highlighter-rouge">Get [base]/CarePlan?patient=[id]&amp;category=assess-plan&amp;status=active&amp;date=[date]</code></p></li></ul><p>Search Parameters:</p><table class="grid"><thead><tr><th>Conformance</th><th>Parameter</th><th>Type</th><th>Modifiers</th></tr></thead><tbody><tr><td>SHALL</td><td>patient + category</td><td>reference + token</td><td/></tr><tr><td>SHALL</td><td>patient + category + date</td><td>reference + token + date</td><td>date modifiers&#39;ge&#39;,&#39;le&#39;,&#39;gt&#39;,&#39;lt&#39;</td></tr><tr><td>SHOULD</td><td>patient + category + status</td><td>reference + token</td><td/></tr><tr><td>SHOULD</td><td>patient + category + date + status</td><td>reference + token + date</td><td>date modifiers&#39;ge&#39;,&#39;le&#39;,&#39;gt&#39;,&#39;lt&#39;</td></tr></tbody></table><h5 id="careteam" class="no_toc">4. CareTeam</h5><p>Supported Profiles:  <a href="http://hl7.org/fhir/us/core/1.0.1/{{ site.data.structuredefinitions.us-core-careteam.path }}">US Core CareTeam Profile</a></p><p>Search Criteria:</p><ul><li><p>A server <strong>SHALL</strong> be capable of returning  a patient&#39;s current care team members using:</p><p><code class="highlighter-rouge">Get [base]/CareTeam?patient=[id]&amp;status=active</code></p></li></ul><p>Search Parameters:</p><table class="grid"><thead><tr><th>Conformance</th><th>Parameter</th><th>Type</th></tr></thead><tbody><tr><td>SHALL</td><td>patient + status</td><td>reference + token</td></tr></tbody></table><h5 id="condition" class="no_toc">5. Condition</h5><p>Supported Profiles:  <a href="http://hl7.org/fhir/us/core/1.0.1/{{ site.data.structuredefinitions.us-core-Condition.path }}">US Core Condition Profile</a></p><p>Search Criteria:</p><ul><li><p>A server <strong>SHALL</strong> be capable of returning a patient&#39;s conditions list using:</p><p><code class="highlighter-rouge">Get [base]/Condition?patient=[id]</code></p></li><li><p>A server <strong>SHOULD</strong> be capable returning all of a patient&#39;s active problems and health concerns using:</p><p><code class="highlighter-rouge">Get [base]/Condition?patient=[id]&amp;clinicalstatus=active,recurrance,remission</code></p></li><li><p>A server <strong>SHOULD</strong> be capable returning all of a patient&#39;s problems or all of patient&#39;s health concerns using:</p><p><code class="highlighter-rouge">Get [base]/Condition?patient=[id]&amp;category=[problem|health-concern]</code></p></li></ul><p>Search Parameters:</p><table class="grid"><thead><tr><th>Conformance</th><th>Parameter</th><th>Type</th></tr></thead><tbody><tr><td>SHALL</td><td>patient</td><td>reference</td></tr><tr><td>SHOULD</td><td>patient + category</td><td>reference + token</td></tr><tr><td>SHOULD</td><td>patient + clinicalstatus</td><td>reference + token</td></tr></tbody></table><h5 id="device" class="no_toc">6. Device</h5><p>Supported Profiles:  <a href="http://hl7.org/fhir/us/core/1.0.1/{{ site.data.structuredefinitions.us-core-device.path }}">US Core Device Profile</a></p><p>Search Criteria:</p><ul><li><p>A server <strong>SHALL</strong> be capable of returning all Unique device identifier(s)(UDI) for a patient&#39;s implanted device(s):</p><p><code class="highlighter-rouge">Get [base]/Device?patient=[id]</code></p></li></ul><p>Search Parameters:</p><table class="grid"><thead><tr><th>Conformance</th><th>Parameter</th><th>Type</th></tr></thead><tbody><tr><td>SHALL</td><td>patient</td><td>reference</td></tr></tbody></table><h5 id="diagnosticreport" class="no_toc">7. DiagnosticReport</h5><p>Supported Profiles:  <a href="http://hl7.org/fhir/us/core/1.0.1/{{ site.data.structuredefinitions.us-core-diagnosticreport.path }}">US Core DiagnosticReport Profile</a></p><p>Search Criteria:</p><ul><li><p>A server <strong>SHALL</strong> be capable of returning all of a patient&#39;s laboratory diagnostic reports queried by category using:</p><p><code class="highlighter-rouge">Get [base]/DiagnosticReport?patient=[id]&amp;category=LAB</code></p></li><li><p>A server <strong>SHALL</strong> be capable of returning all of a patient&#39;s laboratory diagnostic reports queried by category code and date range using:</p><p><code class="highlighter-rouge">GET [base]/DiagnosticReport?patient=[id]&amp;category=LAB&amp;date=[date]{&amp;date=[date]}</code></p></li><li><p>A server <strong>SHALL</strong> be capable of returning all of a patient&#39;s laboratory diagnostic reports queried by category and code using:</p><p><code class="highlighter-rouge">GET [base]/DiagnosticReport?patient=[id]&amp;category=LAB&amp;code=[LOINC]</code></p></li><li><p>A server <strong>SHOULD</strong> be capable of returning all of a patient&#39;s laboratory diagnostic reports queried by category and one or more codes and date range using:</p><p><code class="highlighter-rouge">GET [base]/DiagnosticReport?patient=[id]&amp;category=LAB&amp;code=[LOINC1{,LOINC2,LOINC3,&#xE2;&#x20AC;&#xA6;}]&amp;date=[date]{&amp;date=[date]}</code></p></li></ul><p>Search Parameters:</p><table class="grid"><thead><tr><th>Conformance</th><th>Parameter</th><th>Type</th><th>Modifiers</th></tr></thead><tbody><tr><td>SHALL</td><td>patient + category</td><td>reference + token</td><td/></tr><tr><td>SHALL</td><td>patient + category + code</td><td>reference + token</td><td/></tr><tr><td>SHALL</td><td>patient + category + date</td><td>reference + token + date</td><td>date modifiers&#39;ge&#39;,&#39;le&#39;,&#39;gt&#39;,&#39;lt&#39;</td></tr><tr><td>SHOULD</td><td>patient + category + code + date</td><td>reference + token + date</td><td>date modifiers&#39;ge&#39;,&#39;le&#39;,&#39;gt&#39;,&#39;lt&#39;</td></tr></tbody></table><h5 id="goal" class="no_toc">8. Goal</h5><p>Supported Profiles:  <a href="http://hl7.org/fhir/us/core/1.0.1/{{ site.data.structuredefinitions.us-core-goal.path }}">US Core Goal Profile</a></p><p>Search Criteria:</p><ul><li><p>A server <strong>SHALL</strong> be capable of returning all of a patient&#39;s goals using:</p><p><code class="highlighter-rouge">Get [base]/Goal?patient=[id]</code></p></li><li><p>A server <strong>SHALL</strong> be capable of returning all of all of a patient&#39;s goals over a specified time period using:</p><p><code class="highlighter-rouge">GET [base]/Goal?patient=[id]&amp;date=[date]{&amp;date=[date]}</code></p></li></ul><p>Search Parameters:</p><table class="grid"><thead><tr><th>Conformance</th><th>Parameter</th><th>Type</th><th>Modifiers</th></tr></thead><tbody><tr><td>SHALL</td><td>patient</td><td>reference</td><td/></tr><tr><td>SHALL</td><td>patient + date</td><td>reference + date</td><td>date modifiers&#39;ge&#39;,&#39;le&#39;,&#39;gt&#39;,&#39;lt&#39;</td></tr></tbody></table><h5 id="immunization" class="no_toc">9. Immunization</h5><p>Supported Profiles:  <a href="http://hl7.org/fhir/us/core/1.0.1/{{ site.data.structuredefinitions.us-core-immunization.path }}">US Core Immunization Profile</a></p><p>Search Criteria:</p><ul><li><p>A server <strong>SHALL</strong> be capable of returning all patient&#39;s allergies using:</p><p><code class="highlighter-rouge">Get [base]/Immunization?patient=[id]</code></p></li></ul><p>Search Parameters:</p><table class="grid"><thead><tr><th>Conformance</th><th>Parameter</th><th>Type</th></tr></thead><tbody><tr><td>SHALL</td><td>patient</td><td>reference</td></tr></tbody></table><h5 id="location" class="no_toc">10. Location</h5><p>Supported Profiles:  <a href="http://hl7.org/fhir/us/core/1.0.1/{{ site.data.structuredefinitions.us-core-location.path }}">US Core Location Profile</a></p><p>Search Criteria:</p><ul><li><p>A server <strong>SHALL</strong> be capable of returning a location by name using:</p><p><code class="highlighter-rouge">Get [base]/Location?name=[string]</code></p></li><li><p>A server <strong>SHALL</strong> be capable of returning a location by address using:</p><p><code class="highlighter-rouge">GET [base]/Location?address=[string]</code></p></li></ul><p>Search Parameters:</p><table class="grid"><thead><tr><th>Conformance</th><th>Parameter</th><th>Type</th></tr></thead><tbody><tr><td>SHALL</td><td>name</td><td>string</td></tr><tr><td>SHALL</td><td>address</td><td>string</td></tr></tbody></table><h5 id="medication" class="no_toc">11. Medication</h5><p>Supported Profiles:  <a href="http://hl7.org/fhir/us/core/1.0.1/{{ site.data.structuredefinitions.us-core-medication.path }}">US Core Medication Profile</a></p><p>The MedicationStatement and MedicationRequest resources can represent a medication, using an external reference to a Medication resource. If an external Medication Resource is used in a MedicationStatement or a MedicationRequest, then the READ and SEARCH Criteria SHALL be supported.</p><h5 id="medicationstatement" class="no_toc">12. MedicationStatement</h5><p>Supported Profiles:  <a href="http://hl7.org/fhir/us/core/1.0.1/{{ site.data.structuredefinitions.us-core-medicationstatement.path }}">US Core MedicationStatement Profile</a></p><p>Search Criteria:</p><p>The MedicationStatement resources can represent a medication using either a code or refer to the Medication resource.  When referencing a Medication resource, the resource may be <a href="{{ site.data.fhir.path }}/references.html#contained">contained</a> or an external resource. The server application <strong>MAY</strong> choose any one way or more than one method, but <em>if</em> an external reference to Medication is used, the server <strong>SHALL</strong> support the <a href="{{ site.data.fhir.path }}/references.html#include"><code class="highlighter-rouge">_include</code></a> parameter for searching this element. The client application must support all methods.</p><p>A server <strong>SHALL</strong> be capable of returning all medications for a patient using one of or both:</p><p><code class="highlighter-rouge">GET /MedicationStatement?patient=[id]</code></p><p><code class="highlighter-rouge">GET /MedicationStatement?patient=[id]&amp;_include=MedicationStatement:medication</code></p><p>Search Parameters:</p><table class="grid"><thead><tr><th>Conformance</th><th>Parameter</th><th>Type</th><th>_include(see documentation)</th></tr></thead><tbody><tr><td><strong>SHALL</strong></td><td>patient</td><td>reference</td><td>MedicationStatement:medication</td></tr></tbody></table><h5 id="medicationrequest" class="no_toc">13. MedicationRequest</h5><p>Supported Profiles:  <a href="http://hl7.org/fhir/us/core/1.0.1/{{ site.data.structuredefinitions.us-core-medicationrequest.path }}">US Core MedicationRequest Profile</a></p><p>Search Criteria:</p><p>The MedicationRequest resources can represent a medication using either a code or refer to the Medication resource.  When referencing a Medication resource, the resource may be <a href="{{ site.data.fhir.path }}/references.html#contained">contained</a> or an external resource. The server application <strong>MAY</strong> choose any one way or more than one method, but <em>if</em> an external reference to Medication is used, the server <strong>SHALL</strong> support the <a href="{{ site.data.fhir.path }}/references.html#include"><code class="highlighter-rouge">_include</code></a> parameter for searching this element. The client application must support all methods.</p><p>A server <strong>SHALL</strong> be capable of returning all medications for a patient using one of or both:</p><p><code class="highlighter-rouge">GET /MedicationRequest?patient=[id]</code></p><p><code class="highlighter-rouge">GET /MedicationRequest?patient=[id]&amp;_include=MedicationRequest:medication</code></p><p>Search Parameters:</p><table class="grid"><thead><tr><th>Conformance</th><th>Parameter</th><th>Type</th><th>_include(see documentation)</th></tr></thead><tbody><tr><td><strong>SHALL</strong></td><td>patient</td><td>reference</td><td>MedicationRequest:medication</td></tr></tbody></table><h5 id="observation" class="no_toc">14. Observation</h5><p>Supported Profiles:
1. <a href="http://hl7.org/fhir/us/core/1.0.1/{{ site.data.structuredefinitions.us-core-observationresults.path }}">US Core Result Observation Profile</a></p><p>Search Criteria:</p><ul><li><p>A server <strong>SHALL</strong> be capable of  returning all of a patient&#39;s laboratory results queried by category using:</p><p><code class="highlighter-rouge">GET [base]/Observation?patient=[id]&amp;category=laboratory</code></p></li><li><p>A server <strong>SHALL</strong> be capable of  returning all of a patient&#39;s laboratory results queried by category code and date range using:</p><p><code class="highlighter-rouge">GET [base]/Observation?patient=[id]&amp;category=laboratory&amp;date=[date]{&amp;date=[date]}</code></p></li><li><p>A server <strong>SHALL</strong> be capable of  returning all of a patient&#39;s laboratory results queried by category and code using:</p><p><code class="highlighter-rouge">GET [base]/Observation?patient=[id]&amp;category=laboratory&amp;code=[LOINC]</code></p></li><li><p>A server <strong>SHOULD</strong> be capable of returning all of a patient&#39;s laboratory results queried by category and one or more codes and date range using:</p><p><code class="highlighter-rouge">GET [base]/Observation?patient=[id]&amp;category=laboratory&amp;code=[LOINC1{,LOINC2,LOINC3,...}]&amp;date=[date]{&amp;date=[date]}</code></p></li></ul><ol><li><a href="{{ site.data.fhir.path }}/vitalsigns.html">Vital Signs Profile</a></li></ol><p>Search Criteria</p><ul><li><p>A server <strong>SHALL</strong> be capable of  returning all of a patient&#39;s vital signs that it supports using:</p><p><code class="highlighter-rouge">GET [base]/Observation?patient=[id]&amp;category=vital-signs</code></p></li><li><p>A server <strong>SHALL</strong> be capable of  returning all of a patient&#39;s vital signs queried by date range using:</p><p><code class="highlighter-rouge">GET [base]/Observation?patient=[id]&amp;category=vital-signs&amp;date=[date]{&amp;date=[date]}</code></p></li><li><p>A server <strong>SHALL</strong> be capable of  returning any of a patient&#39;s vital signs queried by one or more of the codes listed below using:</p><p><code class="highlighter-rouge">GET [base]/Observation?patient=[id]&amp;code[vital sign LOINC{,LOINC2,LOINC3,&#xE2;&#x20AC;&#xA6;}]</code></p></li><li><p>A server <strong>SHOULD</strong> be capable of returning any of a patient&#39;s vital signs queried by one or more of the codes listed below and date range using:</p><p><code class="highlighter-rouge">GET [base]/Observation?patient=[id]&amp;code=[LOINC{,LOINC2&#xE2;&#x20AC;&#xA6;}]vital-signs&amp;date=[date]{&amp;date=[date]}</code></p></li></ul><ol><li><a href="http://hl7.org/fhir/us/core/1.0.1/{{ site.data.structuredefinitions.us-core-smokingstatus.path }}">US Core Smoking Status Observation Profile</a></li></ol><p>Search Criteria:</p><ul><li><p>A server <strong>SHALL</strong> be capable of  returning a patient&#39;s smoking status using:</p><p><code class="highlighter-rouge">GET [base]/Observation?patient=[id]&amp;code=72166-2</code></p></li></ul><p>Search Parameters:</p><table class="grid"><thead><tr><th>Conformance</th><th>Parameter</th><th>Type</th><th>Modifiers</th></tr></thead><tbody><tr><td>SHALL</td><td>patient + category</td><td>reference + token</td><td/></tr><tr><td>SHALL</td><td>patient + category + code</td><td>reference + token</td><td/></tr><tr><td>SHALL</td><td>patient + category + date</td><td>reference + token + date</td><td>date modifiers&#39;ge&#39;,&#39;le&#39;,&#39;gt&#39;,&#39;lt&#39;</td></tr><tr><td>SHOULD</td><td>patient + category + code + date</td><td>reference + token + date</td><td>date modifiers&#39;ge&#39;,&#39;le&#39;,&#39;gt&#39;,&#39;lt&#39;</td></tr></tbody></table><h5 id="organization" class="no_toc">15. Organization</h5><p>Supported Profiles:  <a href="http://hl7.org/fhir/us/core/1.0.1/{{ site.data.structuredefinitions.us-core-organization.path }}">US Core Organization Profile</a></p><p>Search Criteria:</p><ul><li><p>A server <strong>SHALL</strong> be capable of  returning an organization by identifier using:</p><table><tbody><tr><td>`GET [base]/Organization?identifier=[system]</td><td>[code]&#39;</td></tr></tbody></table></li><li><p>A server <strong>SHALL</strong> be capable of  returning an organization by name using:</p><p><code class="highlighter-rouge">GET [base]/Organization?name=[string]</code></p></li><li><p>A server <strong>SHALL</strong> be capable of  returning an organization by address using:</p><p><code class="highlighter-rouge">GET [base]/Organization?address=[string]</code></p></li></ul><p>Search Parameters:</p><table class="grid"><thead><tr><th>Conformance</th><th>Parameter</th><th>Type</th></tr></thead><tbody><tr><td>SHALL</td><td>identifier</td><td>token</td></tr><tr><td>SHALL</td><td>name</td><td>string</td></tr><tr><td>SHALL</td><td>address</td><td>string</td></tr></tbody></table><h5 id="practitioner" class="no_toc">16. Practitioner</h5><p>Supported Profiles:  <a href="http://hl7.org/fhir/us/core/1.0.1/{{ site.data.structuredefinitions.us-core-practitioner.path }}">US Core Practitioner Profile</a></p><p>Search Criteria:</p><ul><li><p>A server <strong>SHALL</strong> be capable of  returning a practitioner by identifier using:</p><p><code class="highlighter-rouge">GET [base]/Practitioner?identifier=[system]|[code]</code></p></li><li><p>A server <strong>SHALL</strong> be capable of  returning a practitioner by name using:</p><p><code class="highlighter-rouge">GET [base]/Practitioner?family=[string]&amp;given=[string]</code></p></li></ul><p>Search Parameters:</p><table class="grid"><thead><tr><th>Conformance</th><th>Parameter</th><th>Type</th></tr></thead><tbody><tr><td>SHALL</td><td>identifier</td><td>token</td></tr><tr><td>SHALL</td><td>name</td><td>string</td></tr></tbody></table><h5 id="procedure" class="no_toc">17. Procedure</h5><p>Supported Profiles:  <a href="http://hl7.org/fhir/us/core/1.0.1/{{ site.data.structuredefinitions.us-core-procedure.path }}">US Core Procedure Profile</a></p><p>Search Criteria:</p><ul><li><p>A server <strong>SHALL</strong> be capable of  returning a patient&#39;s procedures using:
<code class="highlighter-rouge">GET/Procedure?patient=[id]</code></p></li><li><p>A server <strong>SHALL</strong> be capable of  returning all of a patient&#39;s procedures over a specified time period using:</p><p><code class="highlighter-rouge">GET /Procedure?patient=[id]&amp;date=[date]{&amp;date=[date]}</code></p></li></ul><p>Search Parameters:</p><table class="grid"><thead><tr><th>Conformance</th><th>Parameter</th><th>Type</th><th>Modifiers</th></tr></thead><tbody><tr><td>SHALL</td><td>patient</td><td>reference</td><td/></tr><tr><td>SHALL</td><td>patient + date</td><td>reference + date</td><td>date modifiers&#39;ge&#39;,&#39;le&#39;,&#39;gt&#39;,&#39;lt&#39;</td></tr></tbody></table>
</div></text><url value="http://hl7.org/fhir/us/core/CapabilityStatement/server"/><version value="1.0.1"/><name value="US Core  Server"/><status value="draft"/><date value="2017-03-20T00:00:00+11:00"/><publisher value="HL7 US Realm Steering Committee"/><contact><telecom><system value="other"/><value value="http://www.hl7.org/SpecialCommittees/usrealm/index.cfm"/></telecom></contact><description value="This profile defines the expected capabilities of the US Core Server conforming to the US Core IG."/><jurisdiction><coding><system value="urn:iso:std:iso:3166"/><code value="US"/><display value="United States Minor Outlying Islands (the)"/></coding></jurisdiction><kind value="requirements"/><fhirVersion value="3.0.0"/><acceptUnknown value="extensions"/><format value="xml"/><format value="json"/><profile><extension url="http://hl7.org/fhir/us/core/StructureDefinition/us-core-profile-link"><valueCode value="AllergyIntolerance"/></extension><reference value="http://hl7.org/fhir/us/core/StructureDefinition/us-core-allergyintolerance"/><display value="US Core AllergyIntolerance Profile"/></profile><profile><extension url="http://hl7.org/fhir/us/core/StructureDefinition/us-core-profile-link"><valueCode value="CarePlan"/></extension><reference value="http://hl7.org/fhir/us/core/StructureDefinition/us-core-careplan"/><display value="US Core CarePlan Profile"/></profile><profile><extension url="http://hl7.org/fhir/us/core/StructureDefinition/us-core-profile-link"><valueCode value="CareTeam"/></extension><reference value="http://hl7.org/fhir/us/core/StructureDefinition/us-core-careteam"/><display value="US Core CareTeam Profile"/></profile><profile><extension url="http://hl7.org/fhir/us/core/StructureDefinition/us-core-profile-link"><valueCode value="Condition"/></extension><reference value="http://hl7.org/fhir/us/core/StructureDefinition/us-core-condition"/><display value="US Core Condition Profile"/></profile><profile><extension url="http://hl7.org/fhir/us/core/StructureDefinition/us-core-profile-link"><valueCode value="Device"/></extension><reference value="http://hl7.org/fhir/us/core/StructureDefinition/us-core-device"/><display value="US Core Device Profile"/></profile><profile><extension url="http://hl7.org/fhir/us/core/StructureDefinition/us-core-profile-link"><valueCode value="Goal"/></extension><reference value="http://hl7.org/fhir/us/core/StructureDefinition/us-core-goal"/><display value="US Core Goal Profile"/></profile><profile><extension url="http://hl7.org/fhir/us/core/StructureDefinition/us-core-profile-link"><valueCode value="Immunization"/></extension><reference value="http://hl7.org/fhir/us/core/StructureDefinition/us-core-immunization"/><display value="US Core Immunization Profile"/></profile><profile><extension url="http://hl7.org/fhir/us/core/StructureDefinition/us-core-profile-link"><valueCode value="DiagnosticReport"/></extension><reference value="http://hl7.org/fhir/us/core/StructureDefinition/us-core-diagnosticreport"/><display value="US Core DiagnosticReport Profile"/></profile><profile><extension url="http://hl7.org/fhir/us/core/StructureDefinition/us-core-profile-link"><valueCode value="Observation"/></extension><reference value="http://hl7.org/fhir/us/core/StructureDefinition/us-core-observationresults"/><display value="US Core Result Observation Profile"/></profile><profile><extension url="http://hl7.org/fhir/us/core/StructureDefinition/us-core-profile-link"><valueCode value="Location"/></extension><reference value="http://hl7.org/fhir/us/core/StructureDefinition/us-core-location"/><display value="US Core Location Profile"/></profile><profile><extension url="http://hl7.org/fhir/us/core/StructureDefinition/us-core-profile-link"><valueCode value="Medication"/></extension><reference value="http://hl7.org/fhir/us/core/StructureDefinition/us-core-medication"/><display value="US Core Medication Profile"/></profile><profile><extension url="http://hl7.org/fhir/us/core/StructureDefinition/us-core-profile-link"><valueCode value="MedicationRequest"/></extension><reference value="http://hl7.org/fhir/us/core/StructureDefinition/us-core-medicationrequest"/><display value="US Core MedicationRequest Profile"/></profile><profile><extension url="http://hl7.org/fhir/us/core/StructureDefinition/us-core-profile-link"><valueCode value="MedicationStatement"/></extension><reference value="http://hl7.org/fhir/us/core/StructureDefinition/us-core-medicationstatement"/><display value="US Core MedicationStatement Profile"/></profile><profile><extension url="http://hl7.org/fhir/us/core/StructureDefinition/us-core-profile-link"><valueCode value="Observation"/></extension><reference value="http://hl7.org/fhir/StructureDefinition/vitalsigns"/><display value="Vital Signs Profile"/></profile><profile><extension url="http://hl7.org/fhir/us/core/StructureDefinition/us-core-profile-link"><valueCode value="Observation"/></extension><reference value="http://hl7.org/fhir/us/core/StructureDefinition/us-core-smokingstatus"/><display value="US Core Smoking Status Observation Profile"/></profile><profile><extension url="http://hl7.org/fhir/us/core/StructureDefinition/us-core-profile-link"><valueCode value="Organization"/></extension><reference value="http://hl7.org/fhir/us/core/StructureDefinition/us-core-organization"/><display value="US Core Organization Profile"/></profile><profile><extension url="http://hl7.org/fhir/us/core/StructureDefinition/us-core-profile-link"><valueCode value="Patient"/></extension><reference value="http://hl7.org/fhir/us/core/StructureDefinition/us-core-patient"/><display value="US Core Patient Profile"/></profile><profile><extension url="http://hl7.org/fhir/us/core/StructureDefinition/us-core-profile-link"><valueCode value="Practitioner"/></extension><reference value="http://hl7.org/fhir/us/core/StructureDefinition/us-core-practitioner"/><display value="US Core Practitioner Profile"/></profile><profile><extension url="http://hl7.org/fhir/us/core/StructureDefinition/us-core-profile-link"><valueCode value="Procedure"/></extension><reference value="http://hl7.org/fhir/us/core/StructureDefinition/us-core-procedure"/><display value="US Core Procedure Profile"/></profile><rest><mode value="server"/><resource><extension url="http://hl7.org/fhir/StructureDefinition/capabilitystatement-search-parameter-combination"><extension url="required"><valueString value="name"/></extension><extension url="required"><valueString value="gender"/></extension></extension><extension url="http://hl7.org/fhir/StructureDefinition/capabilitystatement-search-parameter-combination"><extension url="required"><valueString value="name"/></extension><extension url="required"><valueString value="birthdate"/></extension></extension><extension url="http://hl7.org/fhir/StructureDefinition/capabilitystatement-search-parameter-combination"><extension url="required"><valueString value="family"/></extension><extension url="required"><valueString value="gender"/></extension></extension><extension url="http://hl7.org/fhir/StructureDefinition/capabilitystatement-search-parameter-combination"><extension url="required"><valueString value="given"/></extension><extension url="required"><valueString value="gender"/></extension></extension><type value="Patient"/><interaction><extension url="http://hl7.org/fhir/StructureDefinition/capabilitystatement-expectation"><valueCode value="SHALL"/></extension><code value="search-type"/><documentation value="Allows discovery of existing US Core patient resources using different search criteria"/></interaction><interaction><extension url="http://hl7.org/fhir/StructureDefinition/capabilitystatement-expectation"><valueCode value="SHALL"/></extension><code value="read"/><documentation value="Allows retrieval of a specific US Core patients by id"/></interaction><interaction><extension url="http://hl7.org/fhir/StructureDefinition/capabilitystatement-expectation"><valueCode value="SHOULD"/></extension><code value="history-instance"/><documentation value="Allows review of changes to US Core patient instance over time"/></interaction><interaction><extension url="http://hl7.org/fhir/StructureDefinition/capabilitystatement-expectation"><valueCode value="SHOULD"/></extension><code value="vread"/><documentation value="Allows retrieval of a historical version of a US Core patient instance"/></interaction><searchParam><extension url="http://hl7.org/fhir/StructureDefinition/capabilitystatement-expectation"><valueCode value="SHALL"/></extension><name value="name"/><definition value="http://hl7.org/fhir/SearchParameter/Patient-name"/><type value="string"/></searchParam><searchParam><extension url="http://hl7.org/fhir/StructureDefinition/capabilitystatement-expectation"><valueCode value="SHALL"/></extension><name value="family"/><definition value="http://hl7.org/fhir/SearchParameter/Patient-family"/><type value="string"/></searchParam><searchParam><extension url="http://hl7.org/fhir/StructureDefinition/capabilitystatement-expectation"><valueCode value="SHALL"/></extension><name value="given"/><definition value="http://hl7.org/fhir/SearchParameter/Patient-given"/><type value="string"/></searchParam><searchParam><extension url="http://hl7.org/fhir/StructureDefinition/capabilitystatement-expectation"><valueCode value="SHALL"/></extension><name value="identifier"/><definition value="http://hl7.org/fhir/SearchParameter/Patient-identifier"/><type value="token"/></searchParam><searchParam><extension url="http://hl7.org/fhir/StructureDefinition/capabilitystatement-expectation"><valueCode value="SHALL"/></extension><name value="gender"/><definition value="http://hl7.org/fhir/SearchParameter/Patient-gender"/><type value="token"/></searchParam><searchParam><extension url="http://hl7.org/fhir/StructureDefinition/capabilitystatement-expectation"><valueCode value="SHALL"/></extension><name value="birthdate"/><definition value="http://hl7.org/fhir/SearchParameter/Patient-birthdate"/><type value="date"/></searchParam></resource><resource><type value="AllergyIntolerance"/><interaction><extension url="http://hl7.org/fhir/StructureDefinition/capabilitystatement-expectation"><valueCode value="SHALL"/></extension><code value="search-type"/><documentation value="Allows discovery of existing US Core AllergyIntolerance resources using different search criteria"/></interaction><interaction><extension url="http://hl7.org/fhir/StructureDefinition/capabilitystatement-expectation"><valueCode value="SHALL"/></extension><code value="read"/><documentation value="Allows retrieval of a specific US Core AllergyIntolerance by id"/></interaction><interaction><extension url="http://hl7.org/fhir/StructureDefinition/capabilitystatement-expectation"><valueCode value="SHOULD"/></extension><code value="history-instance"/><documentation value="Allows review of changes to US Core AllergyIntolerance instance over time"/></interaction><interaction><extension url="http://hl7.org/fhir/StructureDefinition/capabilitystatement-expectation"><valueCode value="SHOULD"/></extension><code value="vread"/><documentation value="Allows retrieval of a historical version of a US Core AllergyIntolerance instance"/></interaction><searchParam><extension url="http://hl7.org/fhir/StructureDefinition/capabilitystatement-expectation"><valueCode value="SHALL"/></extension><name value="patient"/><definition value="http://hl7.org/fhir/SearchParameter/AllergyIntolerance-Patient"/><type value="reference"/></searchParam></resource><resource><extension url="http://hl7.org/fhir/StructureDefinition/capabilitystatement-search-parameter-combination"><extension url="required"><valueString value="patient"/></extension><extension url="required"><valueString value="category"/></extension></extension><extension url="http://hl7.org/fhir/StructureDefinition/capabilitystatement-search-parameter-combination"><extension url="required"><valueString value="patient"/></extension><extension url="required"><valueString value="category"/></extension><extension url="required"><valueString value="date"/></extension></extension><extension url="http://hl7.org/fhir/StructureDefinition/capabilitystatement-search-parameter-combination"><extension url="required"><valueString value="patient"/></extension><extension url="required"><valueString value="category"/></extension><extension url="required"><valueString value="status"/></extension></extension><extension url="http://hl7.org/fhir/StructureDefinition/capabilitystatement-search-parameter-combination"><extension url="required"><valueString value="patient"/></extension><extension url="required"><valueString value="category"/></extension><extension url="required"><valueString value="status"/></extension><extension url="required"><valueString value="date"/></extension></extension><type value="CarePlan"/><interaction><extension url="http://hl7.org/fhir/StructureDefinition/capabilitystatement-expectation"><valueCode value="SHALL"/></extension><code value="search-type"/><documentation value="Allows discovery of existing US Core careplan resources using different search criteria"/></interaction><interaction><extension url="http://hl7.org/fhir/StructureDefinition/capabilitystatement-expectation"><valueCode value="SHALL"/></extension><code value="read"/><documentation value="Allows retrieval of a specific US Core careplan by id"/></interaction><interaction><extension url="http://hl7.org/fhir/StructureDefinition/capabilitystatement-expectation"><valueCode value="SHOULD"/></extension><code value="history-instance"/><documentation value="Allows review of changes to US Core careplan instance over time"/></interaction><interaction><extension url="http://hl7.org/fhir/StructureDefinition/capabilitystatement-expectation"><valueCode value="SHOULD"/></extension><code value="vread"/><documentation value="Allows retrieval of a historical version of a US Core careplan instance"/></interaction><searchParam><extension url="http://hl7.org/fhir/StructureDefinition/capabilitystatement-expectation"><valueCode value="SHALL"/></extension><name value="patient"/><definition value="http://hl7.org/fhir/SearchParameter/CarePlan-Patient"/><type value="reference"/></searchParam><searchParam><extension url="http://hl7.org/fhir/StructureDefinition/capabilitystatement-expectation"><valueCode value="SHALL"/></extension><name value="category"/><definition value="http://hl7.org/fhir/SearchParameter/CarePlan-Category"/><type value="token"/></searchParam><searchParam><extension url="http://hl7.org/fhir/StructureDefinition/capabilitystatement-expectation"><valueCode value="SHALL"/></extension><name value="status"/><definition value="http://hl7.org/fhir/SearchParameter/CarePlan-Status"/><type value="token"/></searchParam><searchParam><extension url="http://hl7.org/fhir/StructureDefinition/capabilitystatement-expectation"><valueCode value="SHALL"/></extension><name value="date"/><definition value="http://hl7.org/fhir/SearchParameter/CarePlan-Date"/><type value="date"/><documentation value="The server SHALL support the date search modifiers &#39;ge&#39;,&#39;le&#39;,&#39;gt&#39;, and &#39;lt&#39;"/></searchParam></resource><resource><extension url="http://hl7.org/fhir/StructureDefinition/capabilitystatement-search-parameter-combination"><extension url="required"><valueString value="patient"/></extension><extension url="required"><valueString value="status"/></extension></extension><type value="CareTeam"/><interaction><extension url="http://hl7.org/fhir/StructureDefinition/capabilitystatement-expectation"><valueCode value="SHALL"/></extension><code value="search-type"/><documentation value="Allows discovery of existing US Core careteam resources using different search criteria"/></interaction><interaction><extension url="http://hl7.org/fhir/StructureDefinition/capabilitystatement-expectation"><valueCode value="SHALL"/></extension><code value="read"/><documentation value="Allows retrieval of a specific US Core careteam by id"/></interaction><interaction><extension url="http://hl7.org/fhir/StructureDefinition/capabilitystatement-expectation"><valueCode value="SHOULD"/></extension><code value="history-instance"/><documentation value="Allows review of changes to US Core careteam instance over time"/></interaction><interaction><extension url="http://hl7.org/fhir/StructureDefinition/capabilitystatement-expectation"><valueCode value="SHOULD"/></extension><code value="vread"/><documentation value="Allows retrieval of a historical version of a US Core careteam instance"/></interaction><searchParam><extension url="http://hl7.org/fhir/StructureDefinition/capabilitystatement-expectation"><valueCode value="SHALL"/></extension><name value="patient"/><definition value="http://hl7.org/fhir/SearchParameter/CareTeam-Patient"/><type value="reference"/></searchParam><searchParam><extension url="http://hl7.org/fhir/StructureDefinition/capabilitystatement-expectation"><valueCode value="SHALL"/></extension><name value="status"/><definition value="http://hl7.org/fhir/SearchParameter/CareTeam-Status"/><type value="token"/></searchParam></resource><resource><extension url="http://hl7.org/fhir/StructureDefinition/capabilitystatement-search-parameter-combination"><extension url="required"><valueString value="patient"/></extension><extension url="required"><valueString value="clinicalstatus"/></extension></extension><extension url="http://hl7.org/fhir/StructureDefinition/capabilitystatement-search-parameter-combination"><extension url="required"><valueString value="patient"/></extension><extension url="required"><valueString value="category"/></extension></extension><type value="Condition"/><interaction><extension url="http://hl7.org/fhir/StructureDefinition/capabilitystatement-expectation"><valueCode value="SHALL"/></extension><code value="search-type"/><documentation value="Allows discovery of existing US Core condition resources using different search criteria"/></interaction><interaction><extension url="http://hl7.org/fhir/StructureDefinition/capabilitystatement-expectation"><valueCode value="SHALL"/></extension><code value="read"/><documentation value="Allows retrieval of a specific US Core condition by id"/></interaction><interaction><extension url="http://hl7.org/fhir/StructureDefinition/capabilitystatement-expectation"><valueCode value="SHOULD"/></extension><code value="history-instance"/><documentation value="Allows review of changes to US Core condition instance over time"/></interaction><interaction><extension url="http://hl7.org/fhir/StructureDefinition/capabilitystatement-expectation"><valueCode value="SHOULD"/></extension><code value="vread"/><documentation value="Allows retrieval of a historical version of a US Core condition instance"/></interaction><searchParam><extension url="http://hl7.org/fhir/StructureDefinition/capabilitystatement-expectation"><valueCode value="SHALL"/></extension><name value="patient"/><definition value="http://hl7.org/fhir/SearchParameter/Condition-Patient"/><type value="reference"/></searchParam><searchParam><extension url="http://hl7.org/fhir/StructureDefinition/capabilitystatement-expectation"><valueCode value="SHOULD"/></extension><name value="category"/><definition value="http://hl7.org/fhir/SearchParameter/Condition-Category"/><type value="token"/></searchParam><searchParam><extension url="http://hl7.org/fhir/StructureDefinition/capabilitystatement-expectation"><valueCode value="SHOULD"/></extension><name value="clinicalstatus"/><definition value="http://hl7.org/fhir/SearchParameter/Condition-ClinicalStatus"/><type value="token"/></searchParam></resource><resource><type value="Device"/><interaction><extension url="http://hl7.org/fhir/StructureDefinition/capabilitystatement-expectation"><valueCode value="SHALL"/></extension><code value="search-type"/><documentation value="Allows discovery of existing US Core device resources using different search criteria"/></interaction><interaction><extension url="http://hl7.org/fhir/StructureDefinition/capabilitystatement-expectation"><valueCode value="SHALL"/></extension><code value="read"/><documentation value="Allows retrieval of a specific US Core device by id"/></interaction><interaction><extension url="http://hl7.org/fhir/StructureDefinition/capabilitystatement-expectation"><valueCode value="SHOULD"/></extension><code value="history-instance"/><documentation value="Allows review of changes to US Core device instance over time"/></interaction><interaction><extension url="http://hl7.org/fhir/StructureDefinition/capabilitystatement-expectation"><valueCode value="SHOULD"/></extension><code value="vread"/><documentation value="Allows retrieval of a historical version of a US Core device instance"/></interaction><searchParam><extension url="http://hl7.org/fhir/StructureDefinition/capabilitystatement-expectation"><valueCode value="SHALL"/></extension><name value="patient"/><definition value="http://hl7.org/fhir/SearchParameter/Device-Patient"/><type value="reference"/></searchParam></resource><resource><extension url="http://hl7.org/fhir/StructureDefinition/capabilitystatement-search-parameter-combination"><extension url="required"><valueString value="patient"/></extension><extension url="required"><valueString value="date"/></extension></extension><type value="Goal"/><interaction><extension url="http://hl7.org/fhir/StructureDefinition/capabilitystatement-expectation"><valueCode value="SHALL"/></extension><code value="search-type"/><documentation value="Allows discovery of existing US Core Goal resources using different search criteria"/></interaction><interaction><extension url="http://hl7.org/fhir/StructureDefinition/capabilitystatement-expectation"><valueCode value="SHALL"/></extension><code value="read"/><documentation value="Allows retrieval of a specific US Core Goal by id"/></interaction><interaction><extension url="http://hl7.org/fhir/StructureDefinition/capabilitystatement-expectation"><valueCode value="SHOULD"/></extension><code value="history-instance"/><documentation value="Allows review of changes to US Core Goal instance over time"/></interaction><interaction><extension url="http://hl7.org/fhir/StructureDefinition/capabilitystatement-expectation"><valueCode value="SHOULD"/></extension><code value="vread"/><documentation value="Allows retrieval of a historical version of a US Core Goal instance"/></interaction><searchParam><extension url="http://hl7.org/fhir/StructureDefinition/capabilitystatement-expectation"><valueCode value="SHALL"/></extension><name value="patient"/><definition value="http://hl7.org/fhir/SearchParameter/Goal-Patient"/><type value="reference"/></searchParam><searchParam><extension url="http://hl7.org/fhir/StructureDefinition/capabilitystatement-expectation"><valueCode value="SHALL"/></extension><name value="date"/><definition value="http://hl7.org/fhir/SearchParameter/Goal-Date"/><type value="date"/><documentation value="The server SHALL support the date search modifiers &#39;ge&#39;,&#39;le&#39;,&#39;gt&#39;, and &#39;lt&#39;"/></searchParam></resource><resource><type value="Immunization"/><interaction><extension url="http://hl7.org/fhir/StructureDefinition/capabilitystatement-expectation"><valueCode value="SHALL"/></extension><code value="search-type"/><documentation value="Allows discovery of existing US Core immunization resources using different search criteria"/></interaction><interaction><extension url="http://hl7.org/fhir/StructureDefinition/capabilitystatement-expectation"><valueCode value="SHALL"/></extension><code value="read"/><documentation value="Allows retrieval of a specific US Core immunization by id"/></interaction><interaction><extension url="http://hl7.org/fhir/StructureDefinition/capabilitystatement-expectation"><valueCode value="SHOULD"/></extension><code value="history-instance"/><documentation value="Allows review of changes to US Core immunization instance over time"/></interaction><interaction><extension url="http://hl7.org/fhir/StructureDefinition/capabilitystatement-expectation"><valueCode value="SHOULD"/></extension><code value="vread"/><documentation value="Allows retrieval of a historical version of a US Core immunization instance"/></interaction><searchParam><extension url="http://hl7.org/fhir/StructureDefinition/capabilitystatement-expectation"><valueCode value="SHALL"/></extension><name value="patient"/><definition value="http://hl7.org/fhir/SearchParameter/Immunization-Patient"/><type value="reference"/></searchParam></resource><resource><extension url="http://hl7.org/fhir/StructureDefinition/capabilitystatement-search-parameter-combination"><extension url="required"><valueString value="patient"/></extension><extension url="required"><valueString value="category"/></extension></extension><extension url="http://hl7.org/fhir/StructureDefinition/capabilitystatement-search-parameter-combination"><extension url="required"><valueString value="patient"/></extension><extension url="required"><valueString value="category"/></extension><extension url="required"><valueString value="date"/></extension></extension><extension url="http://hl7.org/fhir/StructureDefinition/capabilitystatement-search-parameter-combination"><extension url="required"><valueString value="patient"/></extension><extension url="required"><valueString value="category"/></extension><extension url="required"><valueString value="code"/></extension></extension><extension url="http://hl7.org/fhir/StructureDefinition/capabilitystatement-search-parameter-combination"><extension url="required"><valueString value="patient"/></extension><extension url="required"><valueString value="category"/></extension><extension url="required"><valueString value="code"/></extension><extension url="required"><valueString value="date"/></extension></extension><type value="DiagnosticReport"/><interaction><extension url="http://hl7.org/fhir/StructureDefinition/capabilitystatement-expectation"><valueCode value="SHALL"/></extension><code value="search-type"/><documentation value="Allows discovery of existing US Core diagnosticreport resources using different search criteria"/></interaction><interaction><extension url="http://hl7.org/fhir/StructureDefinition/capabilitystatement-expectation"><valueCode value="SHALL"/></extension><code value="read"/><documentation value="Allows retrieval of a specific US Core diagnosticreport by id"/></interaction><interaction><extension url="http://hl7.org/fhir/StructureDefinition/capabilitystatement-expectation"><valueCode value="SHOULD"/></extension><code value="history-instance"/><documentation value="Allows review of changes to US Core diagnosticreport instance over time"/></interaction><interaction><extension url="http://hl7.org/fhir/StructureDefinition/capabilitystatement-expectation"><valueCode value="SHOULD"/></extension><code value="vread"/><documentation value="Allows retrieval of a historical version of a US Core diagnosticreport instance"/></interaction><searchParam><extension url="http://hl7.org/fhir/StructureDefinition/capabilitystatement-expectation"><valueCode value="SHALL"/></extension><name value="patient"/><definition value="http://hl7.org/fhir/SearchParameter/DiagnosticReport-Patient"/><type value="reference"/></searchParam><searchParam><extension url="http://hl7.org/fhir/StructureDefinition/capabilitystatement-expectation"><valueCode value="SHALL"/></extension><name value="category"/><definition value="http://hl7.org/fhir/SearchParameter/DiagnosticReport-Category"/><type value="token"/></searchParam><searchParam><extension url="http://hl7.org/fhir/StructureDefinition/capabilitystatement-expectation"><valueCode value="SHALL"/></extension><name value="code"/><definition value="http://hl7.org/fhir/SearchParameter/DiagnosticReport-Code"/><type value="token"/></searchParam><searchParam><extension url="http://hl7.org/fhir/StructureDefinition/capabilitystatement-expectation"><valueCode value="SHALL"/></extension><name value="date"/><definition value="http://hl7.org/fhir/SearchParameter/DiagnosticReport-Date"/><type value="date"/><documentation value="The server SHALL support the date search modifiers &#39;ge&#39;,&#39;le&#39;,&#39;gt&#39;, and &#39;lt&#39;"/></searchParam></resource><resource><type value="Location"/><interaction><extension url="http://hl7.org/fhir/StructureDefinition/capabilitystatement-expectation"><valueCode value="SHALL"/></extension><code value="search-type"/><documentation value="Allows discovery of existing US Core location resources using different search criteria."/></interaction><interaction><extension url="http://hl7.org/fhir/StructureDefinition/capabilitystatement-expectation"><valueCode value="SHALL"/></extension><code value="read"/><documentation value="Allows retrieval of a historical version of a US Core location instance"/></interaction><interaction><extension url="http://hl7.org/fhir/StructureDefinition/capabilitystatement-expectation"><valueCode value="SHOULD"/></extension><code value="history-instance"/><documentation value="Allows review of changes to US Core Medication instance over time"/></interaction><interaction><extension url="http://hl7.org/fhir/StructureDefinition/capabilitystatement-expectation"><valueCode value="SHOULD"/></extension><code value="vread"/><documentation value="Allows retrieval of a historical version of a US Core Medication instance"/></interaction><searchParam><extension url="http://hl7.org/fhir/StructureDefinition/capabilitystatement-expectation"><valueCode value="SHALL"/></extension><name value="name"/><definition value="http://hl7.org/fhir/SearchParameter/Location-Name"/><type value="string"/></searchParam><searchParam><extension url="http://hl7.org/fhir/StructureDefinition/capabilitystatement-expectation"><valueCode value="SHALL"/></extension><name value="address"/><definition value="http://hl7.org/fhir/SearchParameter/Location-Address"/><type value="string"/></searchParam></resource><resource><type value="Medication"/><interaction><extension url="http://hl7.org/fhir/StructureDefinition/capabilitystatement-expectation"><valueCode value="SHOULD"/></extension><code value="search-type"/><documentation value="IF the Medication Resource is used in a MedicationStatement or a MedicationRequest.   Allows discovery of existing US Core Medication resources using different search criteria."/></interaction><interaction><extension url="http://hl7.org/fhir/StructureDefinition/capabilitystatement-expectation"><valueCode value="SHOULD"/></extension><code value="read"/><documentation value="IF the Medication Resource is used in a MedicationStatement or a MedicationRequest.  Allows retrieval of a specific US Core Medication by id"/></interaction><interaction><extension url="http://hl7.org/fhir/StructureDefinition/capabilitystatement-expectation"><valueCode value="SHOULD"/></extension><code value="history-instance"/><documentation value="Allows review of changes to US Core Medication instance over time"/></interaction><interaction><extension url="http://hl7.org/fhir/StructureDefinition/capabilitystatement-expectation"><valueCode value="SHOULD"/></extension><code value="vread"/><documentation value="Allows retrieval of a historical version of a US Core Medication instance"/></interaction></resource><resource><type value="MedicationStatement"/><interaction><extension url="http://hl7.org/fhir/StructureDefinition/capabilitystatement-expectation"><valueCode value="SHALL"/></extension><code value="search-type"/><documentation value="Allows discovery of existing US Core medicationstatement resources using different search criteria"/></interaction><interaction><extension url="http://hl7.org/fhir/StructureDefinition/capabilitystatement-expectation"><valueCode value="SHALL"/></extension><code value="read"/><documentation value="Allows retrieval of a specific US Core medicationstatement by id"/></interaction><interaction><extension url="http://hl7.org/fhir/StructureDefinition/capabilitystatement-expectation"><valueCode value="SHOULD"/></extension><code value="history-instance"/><documentation value="Allows review of changes to US Core medicationstatement instance over time"/></interaction><interaction><extension url="http://hl7.org/fhir/StructureDefinition/capabilitystatement-expectation"><valueCode value="SHOULD"/></extension><code value="vread"/><documentation value="Allows retrieval of a historical version of a US Core medicationstatement instance"/></interaction><searchInclude value="MedicationStatement.medicationReference"/><searchParam><extension url="http://hl7.org/fhir/StructureDefinition/capabilitystatement-expectation"><valueCode value="SHALL"/></extension><name value="patient"/><definition value="http://hl7.org/fhir/SearchParameter/MedicationStatement-Patient"/><type value="reference"/></searchParam></resource><resource><type value="MedicationRequest"/><interaction><extension url="http://hl7.org/fhir/StructureDefinition/capabilitystatement-expectation"><valueCode value="SHALL"/></extension><code value="search-type"/><documentation value="Allows discovery of existing US Core medicationrequest resources using different search criteria"/></interaction><interaction><extension url="http://hl7.org/fhir/StructureDefinition/capabilitystatement-expectation"><valueCode value="SHALL"/></extension><code value="read"/><documentation value="Allows retrieval of a specific US Core medicationrequest by id"/></interaction><interaction><extension url="http://hl7.org/fhir/StructureDefinition/capabilitystatement-expectation"><valueCode value="SHOULD"/></extension><code value="history-instance"/><documentation value="Allows review of changes to US Core medicationrequest instance over time"/></interaction><interaction><extension url="http://hl7.org/fhir/StructureDefinition/capabilitystatement-expectation"><valueCode value="SHOULD"/></extension><code value="vread"/><documentation value="Allows retrieval of a historical version of a US Core medicationrequest instance"/></interaction><searchInclude value="MedicationRequest.medicationReference"/><searchParam><extension url="http://hl7.org/fhir/StructureDefinition/capabilitystatement-expectation"><valueCode value="SHALL"/></extension><name value="patient"/><definition value="http://hl7.org/fhir/SearchParameter/MedicationRequest-Patient"/><type value="reference"/></searchParam></resource><resource><extension url="http://hl7.org/fhir/StructureDefinition/capabilitystatement-search-parameter-combination"><extension url="required"><valueString value="patient"/></extension><extension url="required"><valueString value="category"/></extension></extension><extension url="http://hl7.org/fhir/StructureDefinition/capabilitystatement-search-parameter-combination"><extension url="required"><valueString value="patient"/></extension><extension url="required"><valueString value="category"/></extension><extension url="required"><valueString value="date"/></extension></extension><extension url="http://hl7.org/fhir/StructureDefinition/capabilitystatement-search-parameter-combination"><extension url="required"><valueString value="patient"/></extension><extension url="required"><valueString value="category"/></extension><extension url="required"><valueString value="code"/></extension></extension><extension url="http://hl7.org/fhir/StructureDefinition/capabilitystatement-search-parameter-combination"><extension url="required"><valueString value="patient"/></extension><extension url="required"><valueString value="category"/></extension><extension url="required"><valueString value="code"/></extension><extension url="required"><valueString value="date"/></extension></extension><type value="Observation"/><interaction><extension url="http://hl7.org/fhir/StructureDefinition/capabilitystatement-expectation"><valueCode value="SHALL"/></extension><code value="search-type"/><documentation value="Allows discovery of existing US Core results observation, smokingstatus, and vitals signs observation using different search criteria"/></interaction><interaction><extension url="http://hl7.org/fhir/StructureDefinition/capabilitystatement-expectation"><valueCode value="SHALL"/></extension><code value="read"/><documentation value="Allows retrieval of a specific US Core results observation, smokingstatus, and vitals signs observation by id"/></interaction><interaction><extension url="http://hl7.org/fhir/StructureDefinition/capabilitystatement-expectation"><valueCode value="SHOULD"/></extension><code value="history-instance"/><documentation value="Allows review of changes to US Core results observation, smokingstatus, and vitals signs observation over time"/></interaction><interaction><extension url="http://hl7.org/fhir/StructureDefinition/capabilitystatement-expectation"><valueCode value="SHOULD"/></extension><code value="vread"/><documentation value="Allows retrieval of a historical version of a US Core results observation, smokingstatus, and vitals signs observation instance"/></interaction><searchParam><extension url="http://hl7.org/fhir/StructureDefinition/capabilitystatement-expectation"><valueCode value="SHALL"/></extension><name value="patient"/><definition value="http://hl7.org/fhir/SearchParameter/Observation-Patient"/><type value="reference"/></searchParam><searchParam><extension url="http://hl7.org/fhir/StructureDefinition/capabilitystatement-expectation"><valueCode value="SHALL"/></extension><name value="category"/><definition value="http://hl7.org/fhir/SearchParameter/Organization-Category"/><type value="token"/></searchParam><searchParam><extension url="http://hl7.org/fhir/StructureDefinition/capabilitystatement-expectation"><valueCode value="SHALL"/></extension><name value="code"/><definition value="http://hl7.org/fhir/SearchParameter/Organization-Code"/><type value="token"/></searchParam><searchParam><extension url="http://hl7.org/fhir/StructureDefinition/capabilitystatement-expectation"><valueCode value="SHALL"/></extension><name value="date"/><definition value="http://hl7.org/fhir/SearchParameter/Organization-Date"/><type value="date"/><documentation value="The server SHALL support the date search modifiers &#39;ge&#39;,&#39;le&#39;,&#39;gt&#39;, and &#39;lt&#39;"/></searchParam></resource><resource><type value="Organization"/><interaction><extension url="http://hl7.org/fhir/StructureDefinition/capabilitystatement-expectation"><valueCode value="SHALL"/></extension><code value="search-type"/><documentation value="Allows discovery of existing US Core organization resources using different search criteria"/></interaction><interaction><extension url="http://hl7.org/fhir/StructureDefinition/capabilitystatement-expectation"><valueCode value="SHALL"/></extension><code value="read"/><documentation value="Allows retrieval of a specific US Core organization by id"/></interaction><interaction><extension url="http://hl7.org/fhir/StructureDefinition/capabilitystatement-expectation"><valueCode value="SHOULD"/></extension><code value="history-instance"/><documentation value="Allows review of changes to US Core organization instance over time"/></interaction><interaction><extension url="http://hl7.org/fhir/StructureDefinition/capabilitystatement-expectation"><valueCode value="SHOULD"/></extension><code value="vread"/><documentation value="Allows retrieval of a historical version of a US Core organization instance"/></interaction><searchParam><extension url="http://hl7.org/fhir/StructureDefinition/capabilitystatement-expectation"><valueCode value="SHALL"/></extension><name value="identifier"/><definition value="http://hl7.org/fhir/SearchParameter/Organization-Identifier"/><type value="token"/></searchParam><searchParam><extension url="http://hl7.org/fhir/StructureDefinition/capabilitystatement-expectation"><valueCode value="SHALL"/></extension><name value="name"/><definition value="http://hl7.org/fhir/SearchParameter/Organization-Name"/><type value="string"/></searchParam><searchParam><extension url="http://hl7.org/fhir/StructureDefinition/capabilitystatement-expectation"><valueCode value="SHALL"/></extension><name value="address"/><definition value="http://hl7.org/fhir/SearchParameter/Organization-Address"/><type value="string"/></searchParam></resource><resource><type value="Practitioner"/><interaction><extension url="http://hl7.org/fhir/StructureDefinition/capabilitystatement-expectation"><valueCode value="SHALL"/></extension><code value="search-type"/><documentation value="Allows discovery of existing US Core practitioner resources using different search criteria"/></interaction><interaction><extension url="http://hl7.org/fhir/StructureDefinition/capabilitystatement-expectation"><valueCode value="SHALL"/></extension><code value="read"/><documentation value="Allows retrieval of a specific US Core practitioner by id"/></interaction><interaction><extension url="http://hl7.org/fhir/StructureDefinition/capabilitystatement-expectation"><valueCode value="SHOULD"/></extension><code value="history-instance"/><documentation value="Allows review of changes to US Core practitioner instance over time"/></interaction><interaction><extension url="http://hl7.org/fhir/StructureDefinition/capabilitystatement-expectation"><valueCode value="SHOULD"/></extension><code value="vread"/><documentation value="Allows retrieval of a historical version of a US Core practitioner instance"/></interaction><searchParam><extension url="http://hl7.org/fhir/StructureDefinition/capabilitystatement-expectation"><valueCode value="SHALL"/></extension><name value="identifier"/><definition value="http://hl7.org/fhir/SearchParameter/Practitioner-Identifier"/><type value="token"/></searchParam><searchParam><extension url="http://hl7.org/fhir/StructureDefinition/capabilitystatement-expectation"><valueCode value="SHALL"/></extension><name value="name"/><definition value="http://hl7.org/fhir/SearchParameter/Practitioner-Name"/><type value="string"/></searchParam></resource><resource><extension url="http://hl7.org/fhir/StructureDefinition/capabilitystatement-search-parameter-combination"><extension url="required"><valueString value="patient"/></extension><extension url="required"><valueString value="date"/></extension></extension><type value="Procedure"/><interaction><extension url="http://hl7.org/fhir/StructureDefinition/capabilitystatement-expectation"><valueCode value="SHALL"/></extension><code value="search-type"/><documentation value="Allows discovery of existing US Core procedure resources using different search criteria"/></interaction><interaction><extension url="http://hl7.org/fhir/StructureDefinition/capabilitystatement-expectation"><valueCode value="SHALL"/></extension><code value="read"/><documentation value="Allows retrieval of a specific US Core procedure by id"/></interaction><interaction><extension url="http://hl7.org/fhir/StructureDefinition/capabilitystatement-expectation"><valueCode value="SHOULD"/></extension><code value="history-instance"/><documentation value="Allows review of changes to US Core procedure instance over time"/></interaction><interaction><extension url="http://hl7.org/fhir/StructureDefinition/capabilitystatement-expectation"><valueCode value="SHOULD"/></extension><code value="vread"/><documentation value="Allows retrieval of a historical version of a US Core procedure instance"/></interaction><searchParam><extension url="http://hl7.org/fhir/StructureDefinition/capabilitystatement-expectation"><valueCode value="SHALL"/></extension><name value="patient"/><definition value="http://hl7.org/fhir/SearchParameter/Procedure-Patient"/><type value="reference"/></searchParam><searchParam><extension url="http://hl7.org/fhir/StructureDefinition/capabilitystatement-expectation"><valueCode value="SHALL"/></extension><name value="date"/><definition value="http://hl7.org/fhir/SearchParameter/Procedure-Date"/><type value="date"/><documentation value="The server SHALL support the date search modifiers &#39;ge&#39;,&#39;le&#39;,&#39;gt&#39;, and &#39;lt&#39;"/></searchParam></resource></rest></CapabilityStatement>