<?xml version="1.0" encoding="UTF-8"?><ValueSet xmlns="http://hl7.org/fhir"><id value="us-core-substance-rxnorm"/><meta><lastUpdated value="2016-05-25T16:59:08.250+10:00"/></meta><text><status value="generated"/><div xmlns="http://www.w3.org/1999/xhtml"><h2>US Core Substance RxNorm Codes</h2><div><p>All RxNorm codes that have TTY = IN,PIN,MIN,BN, but TTY != OCD.</p>
</div><p>This value set includes codes from the following code systems:</p><ul><li>Include codes from <a href="http://www.nlm.nih.gov/research/umls/rxnorm"><code>http://www.nlm.nih.gov/research/umls/rxnorm</code></a> where TTY  in  IN,PIN,MIN,BN</li><li>Exclude codes from <a href="http://www.nlm.nih.gov/research/umls/rxnorm"><code>http://www.nlm.nih.gov/research/umls/rxnorm</code></a> where TTY  =  OCD</li></ul></div></text><url value="http://hl7.org/fhir/us/core/ValueSet/us-core-substance-rxnorm"/><identifier><system value="urn:ietf:rfc:3986"/><value value="urn:oid:2.16.840.1.113762.1.4.1010.7"/></identifier><version value="1.0.1"/><name value="US Core Substance RxNorm Codes"/><status value="draft"/><date value="2017-11-02T22:55:16+11:00"/><publisher value="HL7 US Realm Steering Committee"/><contact><telecom><system value="other"/><value value="http://hl7.org/fhir"/></telecom></contact><description value="All RxNorm codes that have TTY = IN,PIN,MIN,BN, but TTY != OCD."/><jurisdiction><coding><system value="urn:iso:std:iso:3166"/><code value="US"/><display value="United States Minor Outlying Islands (the)"/></coding></jurisdiction><compose><include><system value="http://www.nlm.nih.gov/research/umls/rxnorm"/><filter><property value="TTY"/><op value="in"/><value value="IN,PIN,MIN,BN"/></filter></include><exclude><system value="http://www.nlm.nih.gov/research/umls/rxnorm"/><filter><property value="TTY"/><op value="="/><value value="OCD"/></filter></exclude></compose></ValueSet>