<?xml version="1.0" encoding="UTF-8"?><ValueSet xmlns="http://hl7.org/fhir"><id value="us-core-medication-codes"/><meta><lastUpdated value="2016-05-25T16:59:08.250+10:00"/><profile value="http://hl7.org/fhir/StructureDefinition/valueset-shareable-definition"/></meta><text><status value="generated"/><div xmlns="http://www.w3.org/1999/xhtml">
      <h2>Medication Clinical Drug (RxNorm)</h2>
      <p>All prescribable medication formulations represented using  either a &#39;generic&#39; or &#39;brand-specific&#39; concept. This includes RxNorm codes whose Term Type is SCD (semantic clinical drug), SBD (semantic brand drug), GPCK (generic pack), BPCK (brand pack), SCDG (semantic clinical drug group), SBDG (semantic brand drug group), SCDF (semantic clinical drug form), or SBDF (semantic brand drug form)</p>
      <p>This value set includes codes from the following code systems:</p>
      <ul>
        <li>Include codes from http://www.nlm.nih.gov/research/umls/rxnorm where TTY  in  SCD,SBD,GPCK,BPCK,SCDG,SBDG,SCDF,SBDF</li>
      </ul>
    </div></text><url value="http://hl7.org/fhir/us/core/ValueSet/us-core-medication-codes"/><identifier><system value="urn:ietf:rfc:3986"/><value value="urn:oid:2.16.840.1.113762.1.4.1010.4"/></identifier><version value="1.0.1"/><name value="Medication Clinical Drug (RxNorm)"/><status value="draft"/><date value="2016-05-25T16:59:08+10:00"/><publisher value="HL7 US Realm Steering Committee"/><contact><telecom><system value="other"/><value value="http://hl7.org/fhir"/></telecom></contact><description value="All prescribable medication formulations represented using  either a &#39;generic&#39; or &#39;brand-specific&#39; concept. This includes RxNorm codes whose Term Type is SCD (semantic clinical drug), SBD (semantic brand drug), GPCK (generic pack), BPCK (brand pack), SCDG (semantic clinical drug group), SBDG (semantic brand drug group), SCDF (semantic clinical drug form), or SBDF (semantic brand drug form)"/><jurisdiction><coding><system value="urn:iso:std:iso:3166"/><code value="US"/><display value="United States Minor Outlying Islands (the)"/></coding></jurisdiction><compose><include><system value="http://www.nlm.nih.gov/research/umls/rxnorm"/><filter><property value="TTY"/><op value="in"/><value value="SCD,SBD,GPCK,BPCK,SCDG,SBDG,SCDF,SBDF"/></filter></include></compose></ValueSet>