<?xml version="1.0" encoding="UTF-8"?><ValueSet xmlns="http://hl7.org/fhir"><id value="us-core-procedure-icd10pcs"/><meta><lastUpdated value="2016-05-25T16:59:08.250+10:00"/><profile value="http://hl7.org/fhir/StructureDefinition/valueset-shareable-definition"/></meta><text><status value="generated"/><div xmlns="http://www.w3.org/1999/xhtml"><h2>US Core ICD-10-PCS Procedure Codes</h2><div><p>This value set defines a set of codes from ICD10-PCS that can be used to indicate a type of procedure performed</p>
</div><p><b>Copyright Statement:</b> The International Classification of Diseases, Tenth Revision, Procedure Coding System (ICD-10-PCS) was developed for the Centers for Medicare and Medicaid Services (CMS).  CMS is the U.S. governmental agency responsible for overseeing all changes and modifications to the ICD-10-PCS.</p><p>This value set includes codes from the following code systems:</p><ul><li>Include all codes defined in <code>http://www.icd10data.com/icd10pcs</code></li></ul></div></text><url value="http://hl7.org/fhir/us/core/ValueSet/us-core-procedure-icd10pcs"/><version value="1.0.1"/><name value="US Core ICD-10-PCS Procedure Codes"/><status value="draft"/><date value="2016-08-10T00:00:00+10:00"/><publisher value="HL7 US Realm Steering Committee"/><contact><telecom><system value="other"/><value value="http://hl7.org/fhir"/></telecom></contact><description value="This value set defines a set of codes from ICD10-PCS that can be used to indicate a type of procedure performed"/><jurisdiction><coding><system value="urn:iso:std:iso:3166"/><code value="US"/><display value="United States Minor Outlying Islands (the)"/></coding></jurisdiction><copyright value="The International Classification of Diseases, Tenth Revision, Procedure Coding System (ICD-10-PCS) was developed for the Centers for Medicare and Medicaid Services (CMS).  CMS is the U.S. governmental agency responsible for overseeing all changes and modifications to the ICD-10-PCS."/><compose><include><system value="http://www.icd10data.com/icd10pcs"/></include></compose></ValueSet>