<?xml version="1.0" encoding="UTF-8"?><ValueSet xmlns="http://hl7.org/fhir"><id value="us-core-careteam-provider-roles"/><text><status value="generated"/><div xmlns="http://www.w3.org/1999/xhtml"><h2>CareTeam Provider Roles</h2><div><p>Provider roles codes consist of NUCC Health Care Provider Taxonomy Code Set for providers and SNOMED-CT for - non clinical and organization roles including codes from the SCTID 125676002 Person (person) heirarchy and the SCTID 394730007 Healthcare related organization (qualifier value) heirarchy.</p>
</div><p><b>Copyright Statement:</b> This value set includes content from SNOMED CT, which is copyright &#xA9; 2002+ International Health Terminology Standards Development Organisation (IHTSDO), and distributed by agreement between IHTSDO and HL7. Implementer use of SNOMED CT is not covered by this agreement. This value set includes content from NUCC Health Care Provider Taxonomy Code Set for providers which is copyright &#xA9; 2016+ American Medical Association.  For commercial use, including sales or licensing, a license must be obtained.</p><p>This value set includes codes from the following code systems:</p><ul><li>Include all codes defined in <code>http://nucc.org/provider-taxonomy</code></li><li>Include codes from <a href="http://www.snomed.org/"><code>http://snomed.info/sct</code></a> where concept  is-a  125676002 (Person)</li><li>Include codes from <a href="http://www.snomed.org/"><code>http://snomed.info/sct</code></a> where concept  is-a  394730007 (Healthcare related organization)</li></ul></div></text><url value="http://hl7.org/fhir/us/core/ValueSet/us-core-careteam-provider-roles"/><version value="1.0.1"/><name value="CareTeam Provider Roles"/><status value="draft"/><date value="2016-08-09T01:27:28+10:00"/><publisher value="HL7 US Realm Steering Committee"/><contact><telecom><system value="other"/><value value="http://hl7.org/fhir"/></telecom></contact><description value="Provider roles codes consist of NUCC Health Care Provider Taxonomy Code Set for providers and SNOMED-CT for - non clinical and organization roles including codes from the SCTID 125676002 Person (person) heirarchy and the SCTID 394730007 Healthcare related organization (qualifier value) heirarchy."/><jurisdiction><coding><system value="urn:iso:std:iso:3166"/><code value="US"/><display value="United States Minor Outlying Islands (the)"/></coding></jurisdiction><purpose value="Codes that may be used for implementation of the Argonaut Procedures IG and MU2015 certification."/><copyright value="This value set includes content from SNOMED CT, which is copyright &#xA9; 2002+ International Health Terminology Standards Development Organisation (IHTSDO), and distributed by agreement between IHTSDO and HL7. Implementer use of SNOMED CT is not covered by this agreement. This value set includes content from NUCC Health Care Provider Taxonomy Code Set for providers which is copyright &#xA9; 2016+ American Medical Association.  For commercial use, including sales or licensing, a license must be obtained."/><compose><include><system value="http://nucc.org/provider-taxonomy"/></include><include><system value="http://snomed.info/sct"/><filter><property value="concept"/><op value="is-a"/><value value="125676002"/></filter></include><include><system value="http://snomed.info/sct"/><filter><property value="concept"/><op value="is-a"/><value value="394730007"/></filter></include></compose></ValueSet>