<?xml version="1.0" encoding="UTF-8"?><ValueSet xmlns="http://hl7.org/fhir"><id value="us-core-provider-specialty"/><text><status value="generated"/><div xmlns="http://www.w3.org/1999/xhtml"><h2>US Core Provider Speciality (NUCC)</h2><div><p>Provider speciality roles codes which are composed of the NUCC Health Care Provider Taxonomy Code Set for providers</p>
</div><p><b>Copyright Statement:</b> This value set includes content from NUCC Health Care Provider Taxonomy Code Set for providers which is copyright &#xA9; 2016+ American Medical Association.  For commercial use, including sales or licensing, a license must be obtained.</p><p>This value set includes codes from the following code systems:</p><ul><li>Include all codes defined in <code>http://nucc.org/provider-taxonomy</code></li></ul></div></text><url value="http://hl7.org/fhir/us/core/ValueSet/us-core-provider-specialty"/><version value="1.0.1"/><name value="US Core Provider Speciality (NUCC)"/><status value="draft"/><date value="2016-08-10T00:00:00+10:00"/><publisher value="HL7 US Realm Steering Committee"/><contact><telecom><system value="other"/><value value="http://hl7.org/fhir"/></telecom></contact><description value="Provider speciality roles codes which are composed of the NUCC Health Care Provider Taxonomy Code Set for providers"/><jurisdiction><coding><system value="urn:iso:std:iso:3166"/><code value="US"/><display value="United States Minor Outlying Islands (the)"/></coding></jurisdiction><copyright value="This value set includes content from NUCC Health Care Provider Taxonomy Code Set for providers which is copyright &#xA9; 2016+ American Medical Association.  For commercial use, including sales or licensing, a license must be obtained."/><compose><include><system value="http://nucc.org/provider-taxonomy"/></include></compose></ValueSet>