<?xml version="1.0" encoding="UTF-8"?><ValueSet xmlns="http://hl7.org/fhir"><id value="detailed-race"/><text><status value="generated"/><div xmlns="http://www.w3.org/1999/xhtml"><h2>US-Core Detailed Race</h2><div><p>The 900+ <a href="http://www.cdc.gov/phin/resources/vocabulary/index.html">CDC Race codes</a> that are grouped under one of the 5 OMB race category codes.</p>
</div><p>This value set includes codes from the following code systems:</p><ul><li>Include codes from <a href="CodeSystem-cdcrec.html"><code>urn:oid:2.16.840.1.113883.6.238</code></a> where concept  is-a  <a href="CodeSystem-cdcrec.html#cdcrec-1000-9">1000-9</a></li><li>Exclude these codes as defined in <a href="CodeSystem-cdcrec.html"><code>urn:oid:2.16.840.1.113883.6.238</code></a><table class="none"><tr><td><b>Code</b></td><td><b>Display</b></td></tr><tr><td><a href="CodeSystem-cdcrec.html#cdcrec-1002-5">1002-5</a></td><td>American Indian or Alaska Native</td><td>American Indian or Alaska Native</td></tr><tr><td><a href="CodeSystem-cdcrec.html#cdcrec-2028-9">2028-9</a></td><td>Asian</td><td>Asian</td></tr><tr><td><a href="CodeSystem-cdcrec.html#cdcrec-2054-5">2054-5</a></td><td>Black or African American</td><td>Black or African American</td></tr><tr><td><a href="CodeSystem-cdcrec.html#cdcrec-2076-8">2076-8</a></td><td>Native Hawaiian or Other Pacific Islander</td><td>Native Hawaiian or Other Pacific Islander</td></tr><tr><td><a href="CodeSystem-cdcrec.html#cdcrec-2106-3">2106-3</a></td><td>White</td><td>White</td></tr></table></li></ul></div></text><url value="http://hl7.org/fhir/us/core/ValueSet/detailed-race"/><version value="1.0.1"/><name value="US-Core Detailed Race"/><status value="draft"/><date value="2016-08-30T00:00:00+10:00"/><publisher value="HL7 US Realm Steering Committee"/><description value="The 900+ [CDC Race codes](http://www.cdc.gov/phin/resources/vocabulary/index.html) that are grouped under one of the 5 OMB race category codes."/><jurisdiction><coding><system value="urn:iso:std:iso:3166"/><code value="US"/><display value="United States Minor Outlying Islands (the)"/></coding></jurisdiction><compose><include><system value="urn:oid:2.16.840.1.113883.6.238"/><filter><property value="concept"/><op value="is-a"/><value value="1000-9"/></filter></include><exclude><system value="urn:oid:2.16.840.1.113883.6.238"/><concept><code value="1002-5"/></concept><concept><code value="2028-9"/></concept><concept><code value="2054-5"/></concept><concept><code value="2076-8"/></concept><concept><code value="2106-3"/></concept></exclude></compose></ValueSet>