<?xml version="1.0" encoding="UTF-8"?><ValueSet xmlns="http://hl7.org/fhir"><id value="us-core-procedure-code"/><meta><lastUpdated value="2016-05-25T16:59:08.250+10:00"/><profile value="http://hl7.org/fhir/StructureDefinition/valueset-shareable-definition"/></meta><text><status value="generated"/><div xmlns="http://www.w3.org/1999/xhtml"><h2>US Core Procedure Codes</h2><div><p>This example value set defines a set of codes that can be used to indicate the type of procedure: a specific code indicating type of procedure performed, from CPT or SNOMED CT.</p>
</div><p><b>Copyright Statement:</b> CPT copyright 2014 American Medical Association. All rights reserved. This value set includes content from SNOMED CT, which is copyright &#xA9; 2002+ International Health Terminology Standards Development Organisation (IHTSDO), and distributed by agreement between IHTSDO and HL7. Implementer use of SNOMED CT is not covered by this agreement</p><p>This value set includes codes from the following code systems:</p><ul><li>Include all codes defined in <code>http://www.ama-assn.org/go/cpt</code></li><li>Include codes from <a href="http://www.snomed.org/"><code>http://snomed.info/sct</code></a> where concept  is-a  71388002 (Procedure)</li></ul></div></text><url value="http://hl7.org/fhir/us/core/ValueSet/us-core-procedure-code"/><identifier><system value="urn:ietf:rfc:3986"/><value value="urn:oid:2.16.840.1.113883.4.642.2.607"/></identifier><version value="1.0.1"/><name value="US Core Procedure Codes"/><status value="draft"/><date value="2016-05-25T16:59:08+10:00"/><publisher value="HL7 US Realm Steering Committee"/><contact><telecom><system value="other"/><value value="http://hl7.org/fhir"/></telecom></contact><description value="This example value set defines a set of codes that can be used to indicate the type of procedure: a specific code indicating type of procedure performed, from CPT or SNOMED CT."/><jurisdiction><coding><system value="urn:iso:std:iso:3166"/><code value="US"/><display value="United States Minor Outlying Islands (the)"/></coding></jurisdiction><copyright value="CPT copyright 2014 American Medical Association. All rights reserved. This value set includes content from SNOMED CT, which is copyright &#xA9; 2002+ International Health Terminology Standards Development Organisation (IHTSDO), and distributed by agreement between IHTSDO and HL7. Implementer use of SNOMED CT is not covered by this agreement"/><compose><include><system value="http://www.ama-assn.org/go/cpt"/></include><include><system value="http://snomed.info/sct"/><filter><property value="concept"/><op value="is-a"/><value value="71388002"/></filter></include></compose></ValueSet>